order_id,order_date,customer_id,region,product_id,product_category,brand,unit_price,units_sold,cost_price,discount_percent,payment_method,delivery_days,returned,customer_churn
ORD0001,11/23/2024,C058,East,P115,Laptop,HP,53289,5,41226,0,COD,1,No,0
ORD0002,2/17/2024,C112,North,P488,Home Appliance,Samsung,86426,4,65852,20,UPI,1,No,0
ORD0003,3/22/2024,C217,South,P235,Laptop,Lenovo,48396,1,34326,10,UPI,10,No,1
ORD0004,1/23/2024,C236,West,P140,Mobile,OnePlus,59400,1,47979,0,Debit Card,5,Yes,0
ORD0005,4/29/2024,C052,West,P425,Tablet,Apple,39260,3,30054,25,Credit Card,10,No,0
ORD0006,3/28/2024,C274,South,P217,Accessory,Logitech,3011,5,2253,5,UPI,1,Yes,0
ORD0007,1/17/2024,C162,North,P235,Laptop,Lenovo,62869,4,48128,25,COD,3,No,1
ORD0008,3/12/2024,C127,East,P486,Home Appliance,Bosch,67350,2,50930,20,COD,2,No,1
ORD0009,1/25/2024,C057,South,P105,Accessory,Sony,3952,4,2597,20,UPI,9,No,0
ORD0010,12/14/2024,C059,East,P490,Tablet,Apple,34234,4,26479,0,UPI,9,No,1
ORD0011,4/1/2024,C260,East,P265,Home Appliance,Samsung,35032,2,26532,20,Credit Card,10,No,1
ORD0012,9/7/2024,C010,East,P135,Tablet,Apple,18796,5,14173,0,Credit Card,8,No,0
ORD0013,9/29/2024,C065,West,P486,Home Appliance,Samsung,49741,5,38438,15,Debit Card,9,No,0
ORD0014,12/19/2024,C103,West,P110,Tablet,Samsung,48919,2,37919,5,Credit Card,6,No,0
ORD0015,10/28/2024,C284,South,P221,Mobile,Samsung,19716,1,15238,10,Credit Card,9,No,1
ORD0016,5/22/2024,C249,South,P437,Home Appliance,Bosch,46850,4,37407,5,Credit Card,2,No,1
ORD0017,8/8/2024,C182,West,P197,Mobile,Samsung,19944,3,15760,0,Debit Card,4,Yes,0
ORD0018,10/1/2024,C230,South,P433,Tablet,Samsung,31371,1,25644,15,Credit Card,1,No,0
ORD0019,10/3/2024,C008,South,P101,Laptop,Asus,98653,4,73805,0,Debit Card,7,No,1
ORD0020,7/18/2024,C136,West,P197,Tablet,Samsung,60651,5,50081,25,COD,3,No,0
ORD0021,5/31/2024,C112,North,P360,Tablet,Apple,18286,5,14417,20,Debit Card,1,No,0
ORD0022,2/11/2024,C096,North,P141,Laptop,Asus,50713,5,40274,5,Credit Card,10,Yes,0
ORD0023,8/2/2024,C299,East,P443,Tablet,Apple,58891,2,47208,10,COD,3,No,0
ORD0024,11/26/2024,C154,North,P278,Mobile,Xiaomi,25104,2,19011,20,UPI,3,No,0
ORD0025,2/5/2024,C126,South,P235,Accessory,JBL,864,5,604,10,Credit Card,3,No,1
ORD0026,2/29/2024,C055,South,P350,Tablet,Samsung,54638,3,41036,5,UPI,9,No,0
ORD0027,5/8/2024,C027,West,P479,Tablet,Apple,15232,2,11627,25,UPI,3,No,0
ORD0028,8/14/2024,C283,North,P165,Mobile,Samsung,31536,3,25372,20,Debit Card,7,No,0
ORD0029,1/22/2024,C158,North,P483,Tablet,Apple,59699,1,45069,10,COD,10,Yes,1
ORD0030,3/20/2024,C122,South,P181,Accessory,Sony,2269,3,1612,15,Debit Card,5,Yes,0
ORD0031,12/25/2024,C056,North,P214,Accessory,Boat,2434,4,1758,10,UPI,4,No,1
ORD0032,1/13/2024,C099,East,P159,Mobile,OnePlus,58025,4,47240,25,UPI,1,No,0
ORD0033,5/13/2024,C092,East,P395,Mobile,Samsung,68959,3,54103,15,Credit Card,7,No,0
ORD0034,4/7/2024,C131,West,P468,Mobile,Apple,59739,3,47380,20,UPI,2,No,0
ORD0035,6/2/2024,C260,West,P446,Tablet,Samsung,60692,2,46099,5,COD,7,Yes,0
ORD0036,3/30/2024,C292,North,P326,Tablet,Samsung,28774,5,22241,20,UPI,8,No,1
ORD0037,8/14/2024,C110,South,P444,Mobile,OnePlus,79561,5,64952,10,Credit Card,4,Yes,0
ORD0038,6/7/2024,C116,South,P422,Mobile,Samsung,44092,5,37407,0,COD,7,No,0
ORD0039,10/21/2024,C100,West,P190,Accessory,Logitech,2798,1,1740,0,COD,4,No,1
ORD0040,12/22/2024,C266,South,P413,Mobile,Xiaomi,29477,5,24470,20,UPI,8,No,1
ORD0041,9/15/2024,C219,West,P348,Laptop,Asus,93991,2,68229,25,UPI,9,No,0
ORD0042,11/16/2024,C123,North,P218,Tablet,Apple,32807,5,25050,0,Debit Card,3,No,1
ORD0043,7/15/2024,C079,North,P299,Accessory,Logitech,3510,4,2391,0,Debit Card,7,No,0
ORD0044,10/26/2024,C011,West,P212,Accessory,Sony,3681,4,2373,15,Debit Card,8,No,0
ORD0045,5/19/2024,C224,West,P373,Tablet,Lenovo,59508,2,48190,15,Debit Card,10,No,0
ORD0046,1/14/2024,C202,North,P267,Mobile,Xiaomi,29786,2,24921,0,UPI,7,Yes,0
ORD0047,4/18/2024,C233,West,P214,Tablet,Samsung,31532,4,25651,0,Credit Card,6,No,0
ORD0048,11/28/2024,C036,North,P342,Mobile,Apple,38130,5,31797,5,Debit Card,3,No,0
ORD0049,12/8/2024,C059,South,P259,Accessory,JBL,3821,5,2388,25,Credit Card,3,No,0
ORD0050,2/25/2024,C297,East,P456,Home Appliance,Bosch,66990,2,54539,0,Debit Card,2,Yes,1
ORD0051,6/3/2024,C062,North,P315,Tablet,Lenovo,43074,1,34293,20,UPI,1,Yes,0
ORD0052,9/7/2024,C055,East,P375,Accessory,Boat,4367,5,2735,25,UPI,10,No,0
ORD0053,9/4/2024,C239,East,P391,Tablet,Apple,69442,3,57182,15,Debit Card,8,No,1
ORD0054,11/8/2024,C195,West,P459,Tablet,Apple,46952,3,35270,10,UPI,10,No,0
ORD0055,5/21/2024,C285,South,P329,Mobile,Apple,65271,2,52142,25,COD,8,No,1
ORD0056,1/9/2024,C048,West,P481,Laptop,Lenovo,111225,5,81961,20,UPI,7,No,1
ORD0057,10/8/2024,C170,West,P490,Tablet,Samsung,31475,2,23702,10,Credit Card,9,No,0
ORD0058,12/19/2024,C095,West,P199,Tablet,Lenovo,53639,5,44394,20,UPI,2,No,0
ORD0059,5/31/2024,C117,East,P426,Mobile,Apple,47954,1,36183,20,UPI,3,No,1
ORD0060,9/8/2024,C053,East,P133,Accessory,Logitech,4408,1,2870,10,COD,2,No,0
ORD0061,7/24/2024,C252,North,P491,Laptop,HP,108772,1,86464,5,Credit Card,9,No,0
ORD0062,8/1/2024,C116,West,P478,Accessory,Logitech,3235,4,2358,10,Credit Card,10,No,1
ORD0063,2/20/2024,C107,East,P330,Mobile,Apple,43439,1,33334,5,Credit Card,7,No,0
ORD0064,12/18/2024,C241,South,P420,Tablet,Lenovo,33528,4,26832,0,Debit Card,5,No,0
ORD0065,10/28/2024,C102,South,P163,Laptop,Lenovo,53643,2,37933,10,UPI,8,Yes,0
ORD0066,8/27/2024,C156,East,P228,Home Appliance,Bosch,72377,1,52693,15,UPI,10,No,1
ORD0067,1/14/2024,C047,North,P192,Tablet,Lenovo,17636,2,14220,15,COD,5,Yes,0
ORD0068,10/26/2024,C224,West,P268,Mobile,Xiaomi,57607,3,45557,25,Credit Card,3,No,0
ORD0069,7/29/2024,C254,West,P363,Home Appliance,LG,74614,3,54379,10,Credit Card,7,No,0
ORD0070,1/1/2024,C278,North,P381,Laptop,Lenovo,116609,4,90447,0,Debit Card,5,No,0
ORD0071,3/8/2024,C148,West,P308,Mobile,Samsung,43365,3,35601,20,Credit Card,9,No,1
ORD0072,2/17/2024,C116,North,P347,Accessory,Sony,2061,3,1390,20,UPI,7,No,0
ORD0073,8/29/2024,C125,South,P274,Accessory,Boat,4963,2,3533,0,UPI,7,No,1
ORD0074,9/16/2024,C137,East,P347,Tablet,Lenovo,53005,4,43988,5,COD,9,No,0
ORD0075,6/25/2024,C171,West,P497,Accessory,JBL,2345,2,1751,20,COD,4,Yes,1
ORD0076,7/29/2024,C023,West,P325,Accessory,Logitech,2046,1,1379,5,UPI,2,No,1
ORD0077,2/21/2024,C270,North,P268,Laptop,Asus,55232,3,39075,10,COD,2,No,0
ORD0078,12/11/2024,C274,East,P150,Accessory,Sony,1360,3,863,5,Credit Card,7,No,1
ORD0079,11/20/2024,C052,East,P174,Mobile,Samsung,54516,3,45227,10,UPI,7,No,0
ORD0080,5/5/2024,C272,South,P398,Laptop,HP,45350,4,34509,20,Debit Card,8,No,0
ORD0081,3/14/2024,C119,East,P326,Accessory,JBL,876,4,643,10,Debit Card,2,No,0
ORD0082,6/25/2024,C154,West,P295,Tablet,Samsung,34799,4,26096,15,Credit Card,4,No,0
ORD0083,10/19/2024,C184,East,P497,Mobile,Xiaomi,47976,1,36020,20,COD,5,Yes,0
ORD0084,4/27/2024,C181,South,P396,Home Appliance,Whirlpool,32927,1,25776,10,COD,1,No,1
ORD0085,7/5/2024,C068,East,P356,Tablet,Lenovo,42230,2,31569,20,UPI,9,Yes,0
ORD0086,5/19/2024,C085,West,P446,Tablet,Lenovo,37198,4,30146,0,Debit Card,4,No,1
ORD0087,12/11/2024,C204,East,P399,Mobile,Xiaomi,13824,1,10733,15,UPI,5,No,1
ORD0088,7/14/2024,C191,South,P458,Accessory,Sony,3487,2,2570,25,Credit Card,8,No,1
ORD0089,6/3/2024,C210,North,P332,Mobile,OnePlus,76569,2,58315,20,Debit Card,7,No,0
ORD0090,7/8/2024,C277,South,P327,Accessory,Sony,4808,3,3328,0,UPI,4,No,1
ORD0091,8/15/2024,C121,North,P332,Tablet,Lenovo,57259,4,43852,10,Debit Card,2,No,1
ORD0092,2/16/2024,C109,North,P206,Mobile,OnePlus,43925,5,37287,5,Credit Card,9,No,0
ORD0093,10/27/2024,C111,South,P376,Tablet,Apple,66684,1,54684,10,Debit Card,3,No,0
ORD0094,5/8/2024,C090,North,P189,Laptop,Dell,81955,2,63842,20,UPI,1,No,0
ORD0095,5/15/2024,C027,West,P357,Home Appliance,LG,23330,3,17908,20,Credit Card,8,No,1
ORD0096,4/23/2024,C023,East,P464,Accessory,Sony,1298,4,973,15,Credit Card,8,Yes,0
ORD0097,8/15/2024,C038,East,P405,Home Appliance,Samsung,23609,5,17296,25,UPI,7,No,0
ORD0098,9/28/2024,C151,West,P304,Mobile,Samsung,40183,2,31865,15,UPI,8,No,0
ORD0099,7/31/2024,C049,East,P147,Tablet,Samsung,25003,4,19969,0,Credit Card,2,No,0
ORD0100,8/9/2024,C050,East,P281,Laptop,Dell,111869,5,89009,10,Credit Card,7,No,0
ORD0101,12/6/2024,C217,North,P436,Tablet,Lenovo,35476,5,27144,20,Debit Card,3,No,1
ORD0102,9/3/2024,C115,East,P492,Home Appliance,Whirlpool,30058,5,23934,5,COD,9,No,0
ORD0103,11/14/2024,C286,East,P192,Mobile,Apple,47818,3,39223,10,UPI,1,No,1
ORD0104,3/14/2024,C290,North,P274,Laptop,Dell,47026,2,36426,15,COD,8,Yes,0
ORD0105,3/21/2024,C190,East,P326,Home Appliance,LG,21895,5,16105,0,Credit Card,5,Yes,1
ORD0106,12/4/2024,C218,West,P245,Accessory,JBL,2565,1,1829,10,COD,2,No,0
ORD0107,12/13/2024,C250,East,P208,Mobile,Apple,63807,1,54136,0,Debit Card,5,No,1
ORD0108,3/11/2024,C131,North,P386,Mobile,Xiaomi,68446,4,52537,20,Debit Card,9,No,1
ORD0109,12/8/2024,C182,North,P307,Accessory,Sony,4566,3,3370,20,COD,10,No,0
ORD0110,12/29/2024,C214,West,P323,Mobile,OnePlus,34527,5,28661,15,UPI,2,No,0
ORD0111,2/24/2024,C125,West,P139,Home Appliance,LG,66873,3,53970,5,UPI,3,No,0
ORD0112,9/18/2024,C059,South,P231,Tablet,Samsung,62669,2,51753,5,Credit Card,3,Yes,0
ORD0113,4/11/2024,C089,North,P177,Laptop,Asus,95811,5,74296,15,UPI,6,No,1
ORD0114,8/13/2024,C035,East,P119,Tablet,Lenovo,18681,1,14294,10,COD,8,No,0
ORD0115,1/30/2024,C189,North,P409,Mobile,Xiaomi,72648,1,58701,15,Debit Card,6,No,0
ORD0116,8/31/2024,C257,North,P226,Accessory,Sony,3613,1,2700,20,Debit Card,1,No,0
ORD0117,12/28/2024,C225,South,P133,Tablet,Samsung,33539,3,25782,25,Credit Card,6,No,0
ORD0118,6/17/2024,C049,West,P398,Tablet,Samsung,62430,5,50890,5,UPI,2,No,0
ORD0119,12/5/2024,C073,East,P443,Accessory,Boat,1494,4,965,25,UPI,3,No,1
ORD0120,12/25/2024,C270,West,P198,Home Appliance,Whirlpool,17389,2,13150,5,UPI,8,No,1
ORD0121,4/25/2024,C071,East,P183,Mobile,Samsung,56140,5,47025,5,COD,3,No,0
ORD0122,4/2/2024,C085,North,P373,Accessory,JBL,2745,5,2046,10,COD,4,No,0
ORD0123,5/2/2024,C159,West,P370,Laptop,Lenovo,109766,4,87642,10,COD,9,Yes,0
ORD0124,8/2/2024,C083,South,P163,Tablet,Apple,57020,3,44364,20,Credit Card,9,No,0
ORD0125,5/25/2024,C043,East,P312,Accessory,Boat,4383,2,2690,15,UPI,1,No,0
ORD0126,1/28/2024,C203,South,P170,Accessory,Sony,3871,3,2452,0,UPI,3,No,0
ORD0127,1/20/2024,C147,West,P176,Laptop,Asus,93799,1,71431,0,UPI,4,No,0
ORD0128,10/7/2024,C271,East,P156,Laptop,Lenovo,50970,4,35922,25,COD,2,No,0
ORD0129,9/12/2024,C275,South,P440,Laptop,Lenovo,91261,3,63896,5,COD,3,No,0
ORD0130,12/8/2024,C044,East,P229,Mobile,Samsung,63177,1,52900,25,COD,6,No,1
ORD0131,1/9/2024,C183,East,P379,Laptop,Dell,111271,3,86070,5,Credit Card,6,No,0
ORD0132,6/22/2024,C090,West,P122,Accessory,Boat,1904,4,1160,0,UPI,4,No,0
ORD0133,4/12/2024,C022,East,P282,Home Appliance,Bosch,86176,1,66126,25,Debit Card,5,No,0
ORD0134,1/25/2024,C170,East,P454,Accessory,Logitech,4402,4,3231,10,Debit Card,8,No,0
ORD0135,9/11/2024,C189,East,P152,Mobile,Xiaomi,22345,2,17720,20,UPI,6,No,1
ORD0136,2/10/2024,C168,East,P414,Accessory,Logitech,2165,3,1523,15,Credit Card,6,No,0
ORD0137,8/10/2024,C141,North,P447,Mobile,Xiaomi,59619,2,47773,0,Debit Card,10,No,0
ORD0138,8/12/2024,C018,South,P289,Tablet,Samsung,40090,1,33072,20,Debit Card,8,No,0
ORD0139,7/9/2024,C228,South,P476,Home Appliance,Whirlpool,67171,3,50474,5,Credit Card,1,No,0
ORD0140,4/5/2024,C256,North,P162,Tablet,Samsung,61139,5,47359,10,COD,4,No,0
ORD0141,3/10/2024,C038,West,P180,Mobile,OnePlus,57537,5,47235,20,UPI,5,No,0
ORD0142,12/30/2024,C090,South,P393,Mobile,Apple,30202,4,23366,0,UPI,9,No,1
ORD0143,7/7/2024,C240,South,P394,Home Appliance,LG,23617,4,17734,20,COD,7,No,1
ORD0144,2/7/2024,C065,North,P321,Accessory,Logitech,3622,5,2242,25,Debit Card,3,No,0
ORD0145,9/14/2024,C029,South,P228,Tablet,Apple,25614,2,19524,10,UPI,2,No,0
ORD0146,4/10/2024,C283,East,P437,Home Appliance,LG,80873,5,63412,20,Debit Card,3,Yes,1
ORD0147,11/15/2024,C173,North,P313,Mobile,Samsung,17958,5,15171,10,Debit Card,10,No,0
ORD0148,11/12/2024,C016,East,P452,Tablet,Samsung,31048,4,25163,10,COD,2,No,0
ORD0149,1/31/2024,C081,West,P304,Accessory,Boat,3586,3,2477,25,UPI,6,No,1
ORD0150,3/7/2024,C190,North,P125,Tablet,Apple,45570,4,33824,5,Debit Card,2,No,1
ORD0151,5/28/2024,C197,West,P363,Laptop,HP,77917,3,61817,5,Debit Card,8,Yes,0
ORD0152,8/27/2024,C256,West,P125,Mobile,Samsung,63543,2,50868,5,UPI,1,No,0
ORD0153,5/24/2024,C254,West,P491,Tablet,Lenovo,15535,4,12656,5,UPI,6,No,0
ORD0154,7/25/2024,C188,North,P243,Home Appliance,Samsung,62516,1,48470,15,COD,9,No,0
ORD0155,11/15/2024,C061,North,P360,Accessory,JBL,3577,3,2445,5,Debit Card,10,No,1
ORD0156,7/24/2024,C257,North,P413,Laptop,Lenovo,97094,2,73008,20,Debit Card,6,No,1
ORD0157,6/12/2024,C084,East,P108,Home Appliance,Whirlpool,81494,5,65425,15,UPI,8,Yes,0
ORD0158,7/7/2024,C170,West,P398,Home Appliance,Whirlpool,18492,3,14418,25,Debit Card,1,No,0
ORD0159,9/2/2024,C088,West,P260,Laptop,HP,39138,1,29637,5,Credit Card,8,No,1
ORD0160,8/2/2024,C078,South,P369,Accessory,Logitech,1310,5,924,5,UPI,8,No,1
ORD0161,7/11/2024,C161,West,P226,Home Appliance,Whirlpool,86601,3,65420,20,COD,4,No,0
ORD0162,5/22/2024,C286,East,P386,Tablet,Lenovo,28584,4,22839,10,COD,6,No,1
ORD0163,5/20/2024,C148,West,P326,Accessory,JBL,1999,3,1286,25,Credit Card,6,No,0
ORD0164,12/1/2024,C132,South,P125,Laptop,Lenovo,108664,2,83629,0,Debit Card,4,No,0
ORD0165,12/8/2024,C272,South,P381,Mobile,Samsung,66172,4,51814,0,Debit Card,1,No,1
ORD0166,3/21/2024,C209,West,P478,Accessory,Boat,3153,1,2043,0,Debit Card,9,No,0
ORD0167,1/20/2024,C090,South,P390,Mobile,Xiaomi,76930,3,59130,0,Credit Card,5,Yes,1
ORD0168,11/4/2024,C055,East,P198,Tablet,Samsung,57029,4,44729,5,COD,5,Yes,1
ORD0169,2/27/2024,C170,West,P412,Tablet,Lenovo,27202,3,19895,10,Debit Card,3,No,0
ORD0170,11/23/2024,C208,East,P103,Mobile,Xiaomi,24502,2,18829,15,UPI,4,No,1
ORD0171,5/13/2024,C197,East,P131,Tablet,Samsung,53172,1,42659,10,UPI,4,No,0
ORD0172,12/7/2024,C061,South,P168,Accessory,JBL,1761,3,1225,10,Debit Card,4,No,0
ORD0173,9/1/2024,C079,East,P460,Accessory,Logitech,2589,5,1849,0,COD,9,No,0
ORD0174,7/4/2024,C040,North,P467,Mobile,Apple,31641,5,24251,15,Credit Card,4,No,1
ORD0175,10/25/2024,C251,West,P336,Mobile,Xiaomi,29294,4,23474,20,Credit Card,9,No,0
ORD0176,12/10/2024,C158,West,P458,Tablet,Apple,63877,1,48022,0,COD,6,No,0
ORD0177,2/2/2024,C278,North,P295,Accessory,Sony,3151,2,2083,25,COD,6,No,1
ORD0178,8/17/2024,C194,South,P101,Tablet,Apple,26696,4,22138,20,Debit Card,4,Yes,0
ORD0179,1/12/2024,C153,West,P471,Home Appliance,Bosch,45102,3,33589,5,UPI,4,Yes,0
ORD0180,2/27/2024,C017,West,P406,Home Appliance,LG,46544,1,34470,20,Credit Card,8,No,0
ORD0181,12/10/2024,C025,North,P474,Accessory,Logitech,2719,1,1851,5,UPI,4,No,0
ORD0182,10/21/2024,C164,East,P240,Laptop,Lenovo,53777,5,42944,5,COD,5,No,0
ORD0183,2/1/2024,C286,South,P309,Accessory,Logitech,1184,4,883,20,UPI,7,No,0
ORD0184,3/17/2024,C154,West,P311,Laptop,HP,74418,2,58474,15,Credit Card,9,No,0
ORD0185,8/1/2024,C286,West,P374,Laptop,Lenovo,61651,1,45191,15,UPI,2,No,1
ORD0186,4/7/2024,C027,North,P197,Mobile,Apple,40444,3,32271,10,Credit Card,4,Yes,1
ORD0187,3/1/2024,C246,South,P233,Accessory,Boat,3434,4,2459,15,UPI,5,Yes,0
ORD0188,7/3/2024,C263,West,P388,Mobile,Xiaomi,53973,3,45414,10,COD,1,Yes,0
ORD0189,4/23/2024,C075,West,P381,Tablet,Apple,27857,4,21254,20,Debit Card,8,No,1
ORD0190,12/1/2024,C173,West,P350,Accessory,Logitech,2178,3,1546,5,Debit Card,9,No,1
ORD0191,4/4/2024,C278,North,P422,Home Appliance,LG,24742,1,20152,0,COD,3,Yes,0
ORD0192,4/28/2024,C035,North,P103,Laptop,Asus,83916,5,59248,15,COD,1,No,0
ORD0193,9/29/2024,C283,North,P154,Home Appliance,Whirlpool,85220,1,69688,20,COD,3,No,0
ORD0194,2/19/2024,C269,South,P335,Home Appliance,Whirlpool,61457,4,45891,0,UPI,7,No,1
ORD0195,10/16/2024,C125,South,P293,Tablet,Lenovo,69267,1,56437,0,COD,7,No,0
ORD0196,10/9/2024,C244,North,P121,Laptop,Dell,100517,3,78858,20,Credit Card,9,No,0
ORD0197,4/27/2024,C109,West,P261,Tablet,Apple,19872,3,15866,20,Credit Card,3,No,0
ORD0198,1/9/2024,C107,West,P486,Mobile,OnePlus,33292,5,26846,15,UPI,7,No,0
ORD0199,3/12/2024,C041,East,P115,Mobile,Samsung,69290,1,53576,10,COD,6,No,0
ORD0200,11/20/2024,C140,West,P438,Accessory,Boat,3714,4,2536,15,Debit Card,10,No,0
ORD0201,7/13/2024,C044,East,P262,Laptop,Dell,45752,4,33252,25,Debit Card,7,Yes,0
ORD0202,7/3/2024,C055,East,P385,Accessory,JBL,3009,1,1851,5,COD,8,No,0
ORD0203,10/11/2024,C263,North,P311,Mobile,OnePlus,24198,3,19592,15,Credit Card,5,No,0
ORD0204,7/17/2024,C044,South,P174,Home Appliance,Samsung,64903,3,47830,10,UPI,8,No,1
ORD0205,2/2/2024,C086,West,P415,Tablet,Samsung,66292,3,48903,5,COD,10,No,1
ORD0206,4/10/2024,C235,East,P320,Mobile,Xiaomi,55544,4,46332,10,COD,6,No,0
ORD0207,11/29/2024,C070,South,P500,Accessory,JBL,2255,3,1679,10,COD,10,No,0
ORD0208,5/4/2024,C167,West,P462,Tablet,Apple,51952,5,38962,5,Credit Card,8,No,0
ORD0209,4/17/2024,C225,North,P293,Accessory,Logitech,1940,2,1348,10,Debit Card,7,No,0
ORD0210,2/7/2024,C230,West,P459,Home Appliance,Bosch,85040,4,65537,20,Credit Card,6,No,0
ORD0211,10/1/2024,C044,South,P320,Tablet,Apple,57401,5,45419,25,COD,6,No,0
ORD0212,2/24/2024,C006,South,P112,Home Appliance,Samsung,73429,4,55616,25,Debit Card,6,Yes,0
ORD0213,9/4/2024,C054,North,P343,Mobile,Apple,57656,4,45040,5,COD,6,Yes,0
ORD0214,2/19/2024,C225,West,P446,Tablet,Apple,34678,1,25469,0,UPI,2,No,0
ORD0215,3/25/2024,C125,South,P427,Tablet,Lenovo,42942,2,35463,15,Debit Card,3,No,1
ORD0216,12/2/2024,C222,South,P395,Accessory,Logitech,3985,2,2393,5,UPI,2,No,0
ORD0217,2/22/2024,C275,East,P298,Laptop,Asus,49936,4,36265,20,UPI,10,No,1
ORD0218,11/8/2024,C201,East,P260,Tablet,Samsung,55459,3,41441,20,Credit Card,3,Yes,0
ORD0219,3/1/2024,C123,South,P296,Tablet,Lenovo,24264,4,18952,20,Debit Card,10,Yes,0
ORD0220,8/4/2024,C096,South,P127,Home Appliance,Samsung,79178,2,59295,10,COD,10,No,1
ORD0221,7/2/2024,C005,South,P185,Accessory,Logitech,4151,4,2916,25,COD,8,Yes,0
ORD0222,2/12/2024,C290,South,P480,Tablet,Apple,33012,3,24841,5,COD,10,No,0
ORD0223,9/10/2024,C282,North,P211,Tablet,Lenovo,68954,5,57169,0,COD,9,No,0
ORD0224,8/5/2024,C053,South,P207,Tablet,Apple,44473,1,33634,15,Credit Card,4,No,0
ORD0225,10/28/2024,C180,West,P243,Laptop,HP,62082,1,48507,20,UPI,9,No,1
ORD0226,11/1/2024,C276,East,P484,Tablet,Lenovo,32520,5,26836,25,Credit Card,3,No,0
ORD0227,7/29/2024,C031,South,P172,Laptop,HP,54168,2,41771,25,COD,8,No,0
ORD0228,10/22/2024,C138,West,P349,Accessory,Sony,1562,3,1031,25,UPI,8,Yes,0
ORD0229,6/16/2024,C298,North,P353,Accessory,JBL,1318,4,948,5,COD,4,Yes,0
ORD0230,5/17/2024,C166,East,P150,Home Appliance,Samsung,89205,3,71831,25,Credit Card,1,Yes,1
ORD0231,11/16/2024,C236,South,P181,Accessory,Logitech,805,4,602,5,Debit Card,5,Yes,0
ORD0232,5/20/2024,C048,East,P435,Mobile,OnePlus,33695,3,25445,25,Debit Card,7,No,0
ORD0233,2/16/2024,C049,West,P161,Mobile,Apple,41647,4,33398,0,Credit Card,6,No,0
ORD0234,8/4/2024,C068,South,P496,Accessory,Sony,1639,3,1008,10,Debit Card,7,No,0
ORD0235,3/9/2024,C074,North,P415,Home Appliance,Samsung,72684,2,54885,25,Debit Card,7,No,0
ORD0236,12/17/2024,C227,North,P171,Mobile,Apple,28142,4,22765,10,COD,6,Yes,0
ORD0237,5/6/2024,C142,South,P251,Home Appliance,Whirlpool,18515,3,14900,5,Debit Card,7,Yes,0
ORD0238,11/26/2024,C028,South,P262,Accessory,Logitech,1723,5,1096,0,Credit Card,6,No,0
ORD0239,3/8/2024,C199,West,P134,Tablet,Lenovo,59757,4,44655,0,Credit Card,10,Yes,0
ORD0240,1/8/2024,C135,North,P427,Accessory,JBL,4904,4,3506,25,COD,2,No,0
ORD0241,10/1/2024,C276,East,P400,Mobile,OnePlus,22357,2,17910,5,UPI,7,No,0
ORD0242,11/20/2024,C034,West,P411,Laptop,Dell,67044,4,47508,0,COD,10,No,0
ORD0243,1/29/2024,C159,South,P364,Mobile,Samsung,29984,2,24591,15,UPI,9,No,0
ORD0244,5/12/2024,C086,East,P464,Mobile,Samsung,55910,3,46445,20,Credit Card,5,Yes,1
ORD0245,10/22/2024,C040,East,P479,Mobile,Xiaomi,33873,3,26650,0,Credit Card,4,No,0
ORD0246,9/17/2024,C002,North,P465,Laptop,Dell,96835,2,71309,5,Credit Card,9,No,0
ORD0247,12/1/2024,C215,South,P444,Accessory,JBL,3022,5,2187,10,Credit Card,9,No,1
ORD0248,1/27/2024,C092,North,P333,Accessory,Sony,4610,3,3364,10,Credit Card,9,No,0
ORD0249,1/5/2024,C189,East,P103,Home Appliance,Samsung,75807,4,57372,5,Debit Card,3,No,1
ORD0250,7/28/2024,C013,East,P205,Mobile,OnePlus,12191,4,10068,25,UPI,2,No,0
ORD0251,9/28/2024,C122,North,P334,Laptop,Lenovo,47193,2,33242,20,COD,6,No,0
ORD0252,2/13/2024,C298,South,P261,Accessory,Sony,1310,2,871,5,UPI,5,No,0
ORD0253,7/20/2024,C168,East,P184,Laptop,Dell,61569,5,43936,0,Debit Card,2,No,1
ORD0254,8/18/2024,C239,North,P180,Home Appliance,Whirlpool,42215,4,32302,10,Credit Card,2,No,0
ORD0255,12/17/2024,C156,North,P125,Laptop,Lenovo,54441,2,38605,10,COD,9,No,0
ORD0256,12/12/2024,C154,South,P152,Mobile,Xiaomi,71270,5,57414,5,Credit Card,8,No,0
ORD0257,3/12/2024,C063,South,P111,Laptop,HP,87505,1,64510,20,UPI,2,No,0
ORD0258,2/3/2024,C102,West,P321,Laptop,Dell,78456,4,55880,0,Debit Card,10,Yes,1
ORD0259,7/21/2024,C255,West,P117,Laptop,Lenovo,63143,3,49935,10,COD,3,No,0
ORD0260,11/10/2024,C126,West,P429,Accessory,Logitech,1299,4,796,5,COD,4,No,1
ORD0261,9/26/2024,C128,North,P238,Accessory,JBL,4729,4,3223,10,UPI,7,No,0
ORD0262,4/2/2024,C014,South,P219,Mobile,OnePlus,19679,4,16350,20,UPI,10,No,0
ORD0263,3/22/2024,C052,South,P188,Tablet,Lenovo,68496,1,55421,5,COD,6,No,0
ORD0264,3/31/2024,C122,East,P377,Home Appliance,LG,61095,5,49777,5,Debit Card,8,No,1
ORD0265,6/7/2024,C090,North,P203,Mobile,Apple,40679,4,30590,0,UPI,10,Yes,0
ORD0266,3/7/2024,C175,East,P291,Mobile,Samsung,31360,2,25359,0,UPI,2,No,0
ORD0267,12/26/2024,C203,East,P189,Tablet,Samsung,23942,4,19814,25,COD,6,No,0
ORD0268,12/28/2024,C288,East,P459,Laptop,HP,84595,3,61812,5,Debit Card,1,No,0
ORD0269,10/20/2024,C201,North,P269,Laptop,Lenovo,115134,5,83137,0,COD,3,No,1
ORD0270,2/9/2024,C122,East,P207,Laptop,Dell,118768,3,91799,15,Credit Card,5,No,1
ORD0271,5/7/2024,C035,North,P293,Mobile,Samsung,62585,4,49681,5,COD,8,No,0
ORD0272,6/28/2024,C280,West,P233,Home Appliance,Samsung,36319,1,27788,10,Credit Card,6,No,0
ORD0273,2/23/2024,C038,West,P320,Laptop,Dell,106702,1,84740,10,COD,1,No,0
ORD0274,11/30/2024,C085,West,P252,Laptop,Dell,48272,2,35388,15,UPI,5,Yes,0
ORD0275,5/1/2024,C050,West,P149,Laptop,Dell,82294,1,57637,10,COD,4,No,0
ORD0276,1/14/2024,C106,East,P146,Mobile,Xiaomi,27139,4,21191,15,COD,5,No,0
ORD0277,11/24/2024,C279,East,P215,Accessory,JBL,2328,3,1552,15,COD,5,No,0
ORD0278,5/17/2024,C289,North,P367,Mobile,OnePlus,66262,5,56128,5,Credit Card,7,No,0
ORD0279,8/2/2024,C275,West,P392,Home Appliance,Samsung,77424,4,58059,25,Credit Card,9,No,1
ORD0280,9/21/2024,C293,South,P121,Mobile,Xiaomi,34659,2,29283,5,Debit Card,3,No,0
ORD0281,8/4/2024,C041,West,P303,Laptop,HP,112994,1,82009,0,COD,9,No,1
ORD0282,10/9/2024,C167,West,P388,Mobile,Xiaomi,26748,2,21169,20,Credit Card,2,No,1
ORD0283,2/21/2024,C147,East,P188,Accessory,JBL,3937,5,2748,20,COD,1,No,0
ORD0284,5/21/2024,C207,West,P290,Mobile,Xiaomi,55449,1,45415,25,COD,5,No,0
ORD0285,1/11/2024,C173,East,P480,Tablet,Samsung,47218,1,38521,5,Debit Card,5,No,0
ORD0286,8/14/2024,C165,West,P291,Home Appliance,LG,39633,4,30286,25,COD,9,No,0
ORD0287,1/29/2024,C264,North,P198,Tablet,Lenovo,48213,5,37140,20,Credit Card,3,No,0
ORD0288,4/12/2024,C030,West,P448,Mobile,OnePlus,38097,4,29616,20,COD,2,No,0
ORD0289,1/16/2024,C124,West,P245,Laptop,Asus,111923,3,84516,5,UPI,2,No,0
ORD0290,1/15/2024,C198,South,P342,Laptop,HP,62096,4,45138,20,Credit Card,1,No,1
ORD0291,3/8/2024,C089,North,P292,Laptop,Lenovo,114736,3,89552,25,UPI,7,No,0
ORD0292,6/27/2024,C236,West,P361,Tablet,Lenovo,49120,4,39906,20,Credit Card,1,No,0
ORD0293,12/5/2024,C192,East,P233,Tablet,Lenovo,22084,3,17185,10,UPI,5,No,1
ORD0294,12/1/2024,C153,South,P232,Mobile,Xiaomi,53888,1,44084,25,COD,5,Yes,1
ORD0295,8/2/2024,C208,North,P359,Home Appliance,Samsung,59979,2,47542,25,COD,6,No,1
ORD0296,6/2/2024,C088,South,P435,Tablet,Apple,45853,3,34059,25,Debit Card,6,No,0
ORD0297,2/15/2024,C114,East,P127,Accessory,JBL,3844,3,2456,15,Credit Card,8,No,0
ORD0298,11/20/2024,C299,North,P127,Accessory,Boat,4899,4,3027,20,UPI,7,No,0
ORD0299,3/18/2024,C071,East,P423,Accessory,Logitech,1973,2,1277,0,COD,6,No,1
ORD0300,3/31/2024,C161,North,P490,Accessory,JBL,2515,2,1796,20,Debit Card,8,No,1
ORD0301,2/15/2024,C067,West,P107,Accessory,Logitech,4710,1,3096,20,Debit Card,6,No,1
ORD0302,6/13/2024,C272,North,P133,Laptop,HP,80134,1,58594,15,UPI,3,No,1
ORD0303,1/24/2024,C153,West,P484,Home Appliance,Whirlpool,71841,2,58104,10,COD,6,No,0
ORD0304,4/6/2024,C085,West,P358,Mobile,Apple,41402,2,34062,5,Credit Card,10,No,0
ORD0305,3/27/2024,C064,North,P124,Accessory,JBL,1198,1,825,25,Credit Card,1,No,0
ORD0306,12/19/2024,C060,West,P315,Mobile,OnePlus,74180,2,60841,25,Credit Card,5,Yes,0
ORD0307,12/4/2024,C052,East,P158,Home Appliance,Samsung,69896,1,56131,20,Credit Card,5,No,1
ORD0308,2/24/2024,C255,South,P380,Tablet,Lenovo,28216,4,21607,10,Debit Card,1,No,0
ORD0309,9/11/2024,C107,West,P146,Tablet,Apple,15179,1,11100,0,COD,3,Yes,1
ORD0310,9/18/2024,C039,North,P151,Tablet,Lenovo,30149,3,23385,10,COD,1,No,0
ORD0311,3/30/2024,C021,East,P268,Tablet,Samsung,63400,1,47016,0,Debit Card,3,No,1
ORD0312,7/2/2024,C225,East,P297,Mobile,OnePlus,56921,4,43731,15,COD,5,No,0
ORD0313,12/19/2024,C245,South,P347,Mobile,Apple,19686,2,16696,0,COD,10,No,0
ORD0314,10/18/2024,C225,West,P310,Tablet,Lenovo,16888,2,13784,15,COD,2,No,0
ORD0315,8/13/2024,C024,East,P346,Mobile,Apple,56341,5,45180,0,COD,4,Yes,1
ORD0316,6/26/2024,C198,North,P264,Mobile,Apple,78265,4,65342,5,Credit Card,8,No,0
ORD0317,5/3/2024,C170,North,P327,Home Appliance,Samsung,87154,4,68357,5,Credit Card,8,No,0
ORD0318,10/20/2024,C230,West,P118,Accessory,JBL,1772,1,1323,0,COD,7,Yes,0
ORD0319,10/12/2024,C282,North,P214,Home Appliance,Whirlpool,81628,4,63362,10,UPI,1,No,1
ORD0320,8/20/2024,C170,West,P424,Tablet,Lenovo,44657,2,33108,0,UPI,6,No,0
ORD0321,5/29/2024,C281,North,P200,Mobile,Apple,76542,4,58481,0,UPI,10,Yes,0
ORD0322,4/6/2024,C062,West,P163,Laptop,Asus,59979,1,46284,15,Credit Card,10,No,0
ORD0323,8/18/2024,C235,South,P499,Accessory,Sony,1197,4,817,20,COD,9,Yes,0
ORD0324,3/31/2024,C297,South,P303,Mobile,Xiaomi,54184,4,43369,15,Debit Card,5,No,0
ORD0325,6/24/2024,C151,South,P423,Laptop,Asus,113974,5,87760,10,UPI,9,No,0
ORD0326,4/21/2024,C103,East,P489,Tablet,Lenovo,23694,2,19621,20,UPI,2,Yes,0
ORD0327,6/29/2024,C288,West,P174,Home Appliance,Whirlpool,70363,5,56348,0,Credit Card,7,No,0
ORD0328,1/28/2024,C029,South,P485,Tablet,Lenovo,31420,1,23396,25,UPI,4,No,1
ORD0329,10/4/2024,C017,West,P298,Mobile,Apple,62972,3,48725,25,Credit Card,7,No,0
ORD0330,8/1/2024,C161,North,P379,Mobile,OnePlus,38619,4,31360,5,UPI,10,No,0
ORD0331,11/4/2024,C101,South,P161,Tablet,Samsung,26627,1,22056,5,Debit Card,9,No,0
ORD0332,7/12/2024,C021,East,P120,Laptop,HP,111544,1,87517,10,COD,3,No,1
ORD0333,3/19/2024,C166,East,P366,Accessory,JBL,1397,3,1002,20,Debit Card,3,Yes,1
ORD0334,2/4/2024,C259,West,P211,Mobile,OnePlus,40992,3,34365,10,UPI,5,No,1
ORD0335,11/12/2024,C272,North,P449,Mobile,OnePlus,70414,5,54502,20,Debit Card,1,No,1
ORD0336,6/13/2024,C196,North,P122,Accessory,JBL,3116,5,1881,10,COD,8,No,0
ORD0337,5/31/2024,C099,North,P153,Mobile,Apple,12960,2,10532,25,Debit Card,7,Yes,0
ORD0338,4/15/2024,C276,West,P127,Mobile,Apple,15113,3,12028,0,Credit Card,2,No,0
ORD0339,4/1/2024,C129,South,P299,Tablet,Samsung,40430,4,31337,15,UPI,1,Yes,0
ORD0340,12/10/2024,C061,North,P410,Home Appliance,LG,24514,5,18526,0,UPI,5,No,0
ORD0341,2/14/2024,C145,West,P379,Accessory,Logitech,1052,5,705,5,Debit Card,7,No,1
ORD0342,5/31/2024,C074,East,P380,Mobile,Apple,28152,5,21231,20,COD,9,No,0
ORD0343,2/13/2024,C157,East,P415,Laptop,Asus,119663,2,93952,5,Debit Card,4,No,0
ORD0344,5/9/2024,C100,North,P471,Home Appliance,Bosch,87045,1,63309,10,Credit Card,4,No,1
ORD0345,10/24/2024,C250,East,P330,Laptop,HP,48113,1,35050,5,UPI,8,No,1
ORD0346,6/17/2024,C157,South,P213,Home Appliance,Whirlpool,56462,2,46065,0,UPI,4,No,0
ORD0347,12/30/2024,C224,East,P155,Laptop,Lenovo,97908,3,73067,10,COD,9,No,1
ORD0348,3/30/2024,C042,South,P359,Home Appliance,Samsung,49502,1,39272,25,Credit Card,1,Yes,0
ORD0349,11/19/2024,C016,West,P287,Home Appliance,Samsung,19804,5,15351,20,COD,3,No,0
ORD0350,7/19/2024,C115,East,P414,Laptop,Asus,100683,4,75617,10,Credit Card,4,No,0
ORD0351,12/16/2024,C085,South,P283,Accessory,Boat,2267,5,1552,25,Debit Card,8,No,1
ORD0352,1/21/2024,C113,South,P340,Mobile,OnePlus,60422,2,46730,20,UPI,7,No,1
ORD0353,8/20/2024,C024,East,P287,Mobile,OnePlus,46513,5,37576,5,COD,7,Yes,0
ORD0354,10/27/2024,C040,West,P103,Laptop,Asus,81255,3,63518,15,COD,10,No,0
ORD0355,9/13/2024,C072,South,P312,Mobile,OnePlus,39723,2,30389,10,Credit Card,4,No,0
ORD0356,6/18/2024,C059,West,P165,Accessory,Boat,2120,4,1477,0,Debit Card,1,No,0
ORD0357,10/20/2024,C083,North,P388,Home Appliance,Samsung,22328,2,16447,20,COD,10,No,0
ORD0358,11/22/2024,C010,East,P310,Mobile,Apple,70877,4,57456,15,Debit Card,4,No,0
ORD0359,11/3/2024,C074,South,P293,Home Appliance,Whirlpool,36983,3,29306,15,Credit Card,4,No,0
ORD0360,7/16/2024,C068,South,P357,Home Appliance,Bosch,34603,2,27009,15,Credit Card,9,No,0
ORD0361,3/1/2024,C048,South,P346,Home Appliance,LG,71557,3,55256,0,COD,4,No,1
ORD0362,7/14/2024,C180,North,P378,Accessory,Boat,2885,2,1937,0,UPI,10,Yes,0
ORD0363,7/28/2024,C132,North,P285,Home Appliance,LG,83126,2,59910,25,UPI,7,No,0
ORD0364,2/24/2024,C080,East,P311,Tablet,Lenovo,42758,5,33627,10,COD,4,No,0
ORD0365,10/9/2024,C286,East,P437,Home Appliance,Bosch,48263,5,39520,10,COD,3,No,1
ORD0366,3/1/2024,C118,South,P299,Mobile,Apple,78629,3,62121,20,Credit Card,3,No,0
ORD0367,11/21/2024,C003,South,P119,Accessory,Logitech,1522,2,927,10,Credit Card,10,No,0
ORD0368,7/15/2024,C206,East,P246,Home Appliance,LG,37973,4,29771,0,Debit Card,9,No,0
ORD0369,4/9/2024,C018,South,P499,Home Appliance,Samsung,19726,1,14912,5,Credit Card,5,No,0
ORD0370,7/23/2024,C181,West,P398,Home Appliance,Samsung,82861,1,59787,0,UPI,9,No,0
ORD0371,6/27/2024,C178,East,P308,Laptop,HP,94606,5,75019,0,UPI,3,No,0
ORD0372,9/16/2024,C055,East,P293,Tablet,Apple,67621,3,52834,20,UPI,8,No,0
ORD0373,10/15/2024,C248,East,P446,Accessory,Logitech,1024,3,688,0,COD,4,No,0
ORD0374,12/25/2024,C118,West,P304,Tablet,Lenovo,50104,3,36624,5,UPI,2,No,0
ORD0375,12/10/2024,C176,South,P355,Accessory,JBL,3696,5,2338,10,Debit Card,4,No,0
ORD0376,4/12/2024,C121,East,P161,Laptop,HP,61577,5,48245,10,Debit Card,2,Yes,0
ORD0377,2/10/2024,C253,North,P491,Accessory,JBL,3383,5,2279,10,COD,3,No,0
ORD0378,9/18/2024,C144,South,P451,Mobile,Xiaomi,74694,1,63039,20,UPI,7,No,0
ORD0379,3/30/2024,C235,West,P285,Tablet,Lenovo,15551,2,11370,15,Credit Card,6,No,0
ORD0380,11/9/2024,C133,East,P317,Laptop,Lenovo,96780,3,77022,10,Debit Card,8,No,0
ORD0381,4/17/2024,C215,East,P469,Tablet,Samsung,33325,5,25829,5,Debit Card,2,No,0
ORD0382,5/18/2024,C121,West,P168,Laptop,HP,54601,1,40803,5,COD,8,No,0
ORD0383,11/18/2024,C265,East,P453,Accessory,JBL,2855,5,1953,0,COD,2,Yes,0
ORD0384,3/24/2024,C031,East,P385,Accessory,Sony,4485,3,3191,10,UPI,9,No,0
ORD0385,5/11/2024,C177,North,P281,Tablet,Lenovo,54687,5,41009,25,Debit Card,5,No,0
ORD0386,6/15/2024,C262,West,P423,Mobile,Xiaomi,49555,2,39464,5,UPI,7,Yes,0
ORD0387,11/9/2024,C293,North,P409,Mobile,Apple,57039,3,44080,25,UPI,5,No,0
ORD0388,11/26/2024,C203,West,P111,Tablet,Lenovo,53464,4,41813,15,Debit Card,3,No,1
ORD0389,3/5/2024,C121,North,P494,Laptop,HP,87041,1,61825,15,Credit Card,1,No,0
ORD0390,7/22/2024,C269,North,P477,Mobile,OnePlus,32352,4,24536,10,Debit Card,4,No,0
ORD0391,5/25/2024,C227,South,P376,Home Appliance,Samsung,18744,3,13561,10,COD,8,No,0
ORD0392,5/19/2024,C281,South,P376,Home Appliance,Bosch,88922,5,67891,10,UPI,8,No,0
ORD0393,4/26/2024,C046,East,P246,Accessory,JBL,2075,1,1339,20,Debit Card,6,No,0
ORD0394,8/28/2024,C274,West,P380,Accessory,JBL,874,3,624,20,Debit Card,1,No,0
ORD0395,7/10/2024,C097,West,P140,Accessory,Boat,2137,4,1511,15,Debit Card,5,No,0
ORD0396,8/4/2024,C123,East,P193,Tablet,Lenovo,63688,3,49880,15,Debit Card,2,No,0
ORD0397,3/10/2024,C149,West,P177,Home Appliance,Bosch,50669,4,40030,5,UPI,1,No,0
ORD0398,1/26/2024,C274,North,P107,Tablet,Samsung,23194,1,18590,5,Credit Card,3,Yes,0
ORD0399,9/9/2024,C112,East,P128,Accessory,JBL,4598,1,3239,10,Credit Card,3,No,0
ORD0400,5/16/2024,C201,West,P494,Laptop,HP,67778,1,52983,0,Debit Card,7,No,0
ORD0401,8/14/2024,C127,North,P265,Laptop,Asus,47315,2,35586,15,COD,5,No,1
ORD0402,3/22/2024,C022,North,P220,Tablet,Samsung,56846,3,43196,0,Debit Card,2,No,0
ORD0403,11/20/2024,C223,South,P453,Tablet,Lenovo,22841,2,17577,0,Credit Card,10,No,0
ORD0404,8/31/2024,C080,North,P282,Laptop,HP,100525,5,71286,10,Credit Card,1,No,0
ORD0405,11/26/2024,C079,North,P475,Laptop,Asus,65497,5,47922,25,UPI,8,No,1
ORD0406,4/8/2024,C011,East,P456,Laptop,Lenovo,40175,4,30072,20,UPI,9,No,0
ORD0407,9/7/2024,C098,East,P371,Tablet,Lenovo,45696,5,34616,20,Debit Card,2,No,0
ORD0408,3/20/2024,C231,East,P417,Home Appliance,Whirlpool,74517,5,53657,15,Debit Card,1,No,0
ORD0409,7/5/2024,C123,North,P244,Home Appliance,Bosch,39886,4,30808,20,Debit Card,10,No,0
ORD0410,6/14/2024,C210,North,P154,Mobile,Samsung,17737,2,14784,5,Credit Card,4,Yes,0
ORD0411,9/5/2024,C099,West,P206,Accessory,JBL,1202,5,787,25,Credit Card,1,No,1
ORD0412,12/1/2024,C252,North,P236,Accessory,Sony,3756,4,2567,10,Credit Card,10,No,0
ORD0413,9/27/2024,C021,East,P198,Mobile,Apple,24729,2,18797,20,COD,4,No,0
ORD0414,9/26/2024,C128,South,P153,Home Appliance,Bosch,28829,5,22965,10,COD,7,No,0
ORD0415,3/26/2024,C093,East,P491,Laptop,Asus,81179,5,64151,10,UPI,7,No,0
ORD0416,11/20/2024,C221,East,P331,Home Appliance,Samsung,88812,4,68790,20,UPI,6,No,0
ORD0417,8/17/2024,C204,North,P209,Tablet,Lenovo,16068,3,12561,0,UPI,4,No,1
ORD0418,6/10/2024,C012,East,P287,Home Appliance,Samsung,27358,3,19800,5,Debit Card,5,No,0
ORD0419,10/25/2024,C128,East,P453,Mobile,Xiaomi,40499,3,33347,15,Debit Card,8,No,0
ORD0420,12/25/2024,C296,North,P494,Home Appliance,Whirlpool,19898,5,15780,15,Credit Card,1,No,0
ORD0421,6/20/2024,C179,West,P256,Accessory,Sony,2657,5,1892,0,COD,1,Yes,0
ORD0422,9/25/2024,C022,South,P485,Tablet,Lenovo,60728,1,45672,25,COD,8,No,0
ORD0423,10/31/2024,C295,South,P481,Accessory,JBL,4030,3,2507,0,COD,10,No,0
ORD0424,1/26/2024,C281,North,P302,Accessory,Logitech,1868,4,1334,20,Debit Card,8,Yes,0
ORD0425,11/29/2024,C293,South,P443,Laptop,Dell,69898,3,54358,25,Credit Card,2,No,0
ORD0426,7/30/2024,C217,South,P326,Tablet,Samsung,53920,3,42895,5,UPI,10,Yes,0
ORD0427,11/15/2024,C075,South,P417,Laptop,Lenovo,55446,1,43013,0,Credit Card,4,No,0
ORD0428,3/16/2024,C148,North,P379,Tablet,Samsung,45879,2,33596,25,Debit Card,4,No,1
ORD0429,9/24/2024,C133,South,P238,Mobile,Xiaomi,17699,1,13726,10,Debit Card,10,Yes,0
ORD0430,1/28/2024,C239,North,P432,Mobile,Xiaomi,47561,3,38823,0,Credit Card,5,No,1
ORD0431,7/16/2024,C119,North,P464,Tablet,Samsung,54131,2,42393,5,COD,9,No,0
ORD0432,1/12/2024,C021,East,P420,Tablet,Samsung,40781,1,32805,10,UPI,6,No,0
ORD0433,6/3/2024,C121,East,P177,Mobile,OnePlus,62747,1,52647,20,UPI,4,No,0
ORD0434,6/23/2024,C202,North,P268,Accessory,Boat,4218,2,2682,15,UPI,10,No,1
ORD0435,8/17/2024,C278,South,P435,Home Appliance,Samsung,33102,5,24856,5,COD,3,No,0
ORD0436,10/16/2024,C081,North,P326,Laptop,Lenovo,54073,3,41782,15,COD,5,No,1
ORD0437,11/22/2024,C141,South,P390,Mobile,Apple,36215,5,27256,20,UPI,10,No,0
ORD0438,11/9/2024,C119,South,P194,Mobile,OnePlus,22417,4,18355,5,COD,6,Yes,1
ORD0439,7/17/2024,C252,South,P480,Laptop,HP,39224,1,29059,10,COD,4,No,0
ORD0440,12/9/2024,C104,North,P307,Laptop,Asus,115879,3,86792,15,Debit Card,7,Yes,1
ORD0441,1/22/2024,C195,West,P375,Home Appliance,LG,83242,4,60844,0,Debit Card,9,No,0
ORD0442,7/21/2024,C021,North,P316,Laptop,Lenovo,92613,3,68515,10,COD,3,Yes,1
ORD0443,5/30/2024,C028,South,P311,Accessory,Logitech,1540,1,1090,5,Debit Card,7,No,1
ORD0444,6/14/2024,C231,West,P146,Home Appliance,Samsung,74596,3,54381,25,Debit Card,2,No,1
ORD0445,2/28/2024,C231,North,P493,Home Appliance,Bosch,82065,2,64109,15,COD,1,Yes,1
ORD0446,3/28/2024,C172,South,P473,Laptop,HP,58444,1,45406,15,UPI,5,No,0
ORD0447,8/16/2024,C148,North,P355,Laptop,HP,35463,3,27031,0,COD,8,No,0
ORD0448,10/5/2024,C003,West,P407,Laptop,HP,112183,4,85926,15,COD,2,No,1
ORD0449,11/3/2024,C004,East,P174,Home Appliance,Samsung,21411,1,15811,25,UPI,1,No,0
ORD0450,1/17/2024,C296,East,P438,Tablet,Apple,18213,2,13493,5,UPI,10,Yes,1
ORD0451,12/20/2024,C294,South,P134,Accessory,JBL,1093,3,671,10,UPI,7,No,1
ORD0452,8/6/2024,C282,West,P413,Laptop,Dell,70968,4,52013,20,Debit Card,4,No,0
ORD0453,1/30/2024,C056,North,P414,Accessory,JBL,4298,3,2971,10,UPI,3,No,0
ORD0454,10/15/2024,C255,West,P338,Accessory,Boat,2706,2,1911,0,Credit Card,1,No,0
ORD0455,11/16/2024,C061,South,P427,Home Appliance,Bosch,69269,3,50188,20,Debit Card,1,No,0
ORD0456,4/13/2024,C145,North,P302,Tablet,Samsung,48206,1,37841,0,UPI,6,No,1
ORD0457,10/18/2024,C015,South,P179,Tablet,Samsung,59071,4,45951,0,Debit Card,8,No,0
ORD0458,11/17/2024,C236,East,P374,Accessory,Logitech,1258,3,912,20,UPI,9,No,0
ORD0459,1/10/2024,C107,East,P184,Tablet,Apple,24784,1,18787,10,COD,9,No,0
ORD0460,10/19/2024,C200,North,P221,Tablet,Lenovo,35611,3,28523,15,Credit Card,8,No,1
ORD0461,7/9/2024,C232,East,P359,Laptop,Lenovo,57939,1,41207,5,Credit Card,8,No,0
ORD0462,1/13/2024,C248,South,P493,Laptop,Lenovo,98369,5,76063,10,UPI,3,No,0
ORD0463,2/20/2024,C265,South,P122,Laptop,Dell,95210,5,70337,0,Credit Card,5,No,1
ORD0464,12/17/2024,C045,North,P202,Mobile,OnePlus,14946,3,12072,25,Debit Card,6,No,0
ORD0465,4/8/2024,C147,East,P386,Accessory,Sony,3033,3,1887,0,Credit Card,10,No,1
ORD0466,9/20/2024,C053,East,P136,Home Appliance,Whirlpool,50527,3,37094,20,Debit Card,3,No,0
ORD0467,6/8/2024,C174,North,P144,Laptop,Dell,96700,1,76424,0,COD,1,No,0
ORD0468,8/6/2024,C201,West,P390,Home Appliance,Whirlpool,55952,2,42144,25,Credit Card,8,No,1
ORD0469,3/8/2024,C048,West,P173,Mobile,Xiaomi,52683,4,43118,15,Debit Card,4,Yes,0
ORD0470,11/11/2024,C133,West,P279,Laptop,Lenovo,77567,1,57812,0,COD,2,Yes,0
ORD0471,9/2/2024,C237,East,P384,Tablet,Lenovo,52662,1,39114,15,Credit Card,6,No,0
ORD0472,11/28/2024,C037,West,P133,Accessory,Logitech,2754,5,1908,5,COD,7,No,0
ORD0473,6/23/2024,C107,West,P403,Accessory,JBL,2734,1,1711,25,COD,2,No,1
ORD0474,11/1/2024,C238,North,P494,Accessory,Boat,3323,1,2470,20,Credit Card,10,No,0
ORD0475,7/13/2024,C168,North,P372,Mobile,Apple,30208,1,25336,5,Debit Card,8,No,0
ORD0476,5/29/2024,C200,West,P398,Laptop,HP,76497,3,55840,15,UPI,2,No,0
ORD0477,1/5/2024,C262,South,P244,Tablet,Apple,39197,1,32145,0,UPI,2,No,0
ORD0478,1/16/2024,C121,West,P343,Tablet,Lenovo,40086,4,30890,20,Debit Card,3,No,0
ORD0479,3/12/2024,C097,East,P431,Accessory,Boat,3163,2,2371,5,Credit Card,2,No,1
ORD0480,1/9/2024,C074,West,P192,Accessory,Boat,1493,4,926,15,COD,10,No,0
ORD0481,8/20/2024,C261,West,P464,Accessory,JBL,2649,5,1663,0,COD,4,Yes,0
ORD0482,9/13/2024,C138,East,P172,Mobile,Samsung,75342,1,61817,20,COD,2,No,0
ORD0483,9/26/2024,C144,North,P127,Home Appliance,LG,47142,1,36169,25,UPI,10,No,0
ORD0484,6/24/2024,C274,West,P455,Accessory,Logitech,3515,3,2330,10,Debit Card,1,No,1
ORD0485,11/1/2024,C156,East,P348,Mobile,Xiaomi,34161,3,27577,25,Credit Card,5,No,0
ORD0486,2/12/2024,C065,East,P189,Tablet,Apple,55356,3,41965,0,Credit Card,10,No,0
ORD0487,10/29/2024,C078,East,P174,Laptop,Lenovo,65958,5,49369,0,UPI,2,No,1
ORD0488,10/31/2024,C079,West,P428,Accessory,Boat,4405,2,3122,5,UPI,1,Yes,1
ORD0489,5/15/2024,C060,West,P342,Accessory,Logitech,3268,5,2194,5,COD,7,No,1
ORD0490,5/14/2024,C075,West,P372,Mobile,OnePlus,70827,3,55825,20,Credit Card,2,No,0
ORD0491,11/22/2024,C182,West,P495,Home Appliance,Whirlpool,58904,1,44003,10,COD,8,No,0
ORD0492,12/11/2024,C124,South,P106,Home Appliance,Whirlpool,38582,1,28987,25,Credit Card,2,Yes,1
ORD0493,7/29/2024,C051,West,P147,Tablet,Apple,62530,2,47418,0,Credit Card,10,No,0
ORD0494,1/30/2024,C112,North,P229,Mobile,Samsung,29027,5,22861,5,Credit Card,3,No,0
ORD0495,5/30/2024,C240,North,P241,Accessory,JBL,4297,3,3024,10,Debit Card,2,No,0
ORD0496,2/1/2024,C196,North,P430,Tablet,Samsung,26660,4,20636,5,COD,3,No,0
ORD0497,9/8/2024,C056,West,P392,Laptop,Dell,92878,1,71659,0,Credit Card,2,No,0
ORD0498,5/8/2024,C229,West,P394,Laptop,Dell,39959,3,30626,5,UPI,7,No,1
ORD0499,1/2/2024,C264,West,P296,Accessory,Logitech,4108,1,2984,20,Debit Card,1,No,1
ORD0500,12/18/2024,C247,East,P335,Tablet,Lenovo,34846,1,26833,10,UPI,2,No,0
ORD0501,5/28/2024,C104,North,P143,Accessory,Boat,3248,1,2287,25,UPI,8,No,0
ORD0502,11/19/2024,C225,South,P132,Mobile,Apple,15324,5,12595,5,COD,7,No,0
ORD0503,10/3/2024,C158,West,P434,Mobile,Samsung,56470,1,42669,15,Credit Card,4,No,0
ORD0504,12/7/2024,C268,South,P416,Home Appliance,Samsung,24441,2,17687,15,Credit Card,8,No,0
ORD0505,1/24/2024,C125,South,P132,Mobile,Apple,18548,1,15588,15,Debit Card,10,No,0
ORD0506,2/24/2024,C059,South,P379,Mobile,Apple,67864,4,53187,10,Credit Card,10,No,0
ORD0507,3/11/2024,C165,South,P456,Mobile,Apple,55975,3,42335,5,COD,3,No,1
ORD0508,7/8/2024,C284,South,P349,Home Appliance,LG,32481,5,23711,15,Debit Card,1,No,0
ORD0509,2/11/2024,C004,North,P173,Home Appliance,Whirlpool,69555,4,54903,25,Debit Card,4,No,0
ORD0510,11/23/2024,C139,West,P145,Laptop,HP,115024,5,88472,5,COD,10,No,1
ORD0511,11/17/2024,C155,North,P359,Home Appliance,Samsung,40153,5,29381,0,UPI,9,No,1
ORD0512,4/22/2024,C238,South,P190,Tablet,Apple,27695,2,20529,25,COD,8,No,0
ORD0513,3/22/2024,C023,East,P479,Tablet,Apple,43486,5,32837,15,Credit Card,2,No,0
ORD0514,1/27/2024,C276,North,P201,Accessory,Sony,1380,4,1013,20,UPI,7,No,0
ORD0515,12/12/2024,C167,North,P137,Tablet,Apple,21426,4,16149,5,COD,4,No,0
ORD0516,8/29/2024,C300,West,P468,Laptop,HP,114879,4,85642,10,Debit Card,8,Yes,0
ORD0517,4/9/2024,C184,South,P338,Tablet,Apple,17103,1,13669,10,Debit Card,2,No,1
ORD0518,8/22/2024,C215,East,P310,Laptop,Lenovo,114119,5,81672,5,Debit Card,2,Yes,0
ORD0519,9/24/2024,C251,South,P267,Home Appliance,Bosch,75655,4,56583,25,Debit Card,4,No,0
ORD0520,8/10/2024,C297,South,P371,Home Appliance,LG,69758,1,57063,15,Credit Card,7,Yes,0
ORD0521,7/20/2024,C246,North,P167,Accessory,Logitech,2770,1,1696,25,COD,4,No,0
ORD0522,7/2/2024,C152,North,P337,Mobile,Xiaomi,51955,4,39806,20,Credit Card,8,No,0
ORD0523,3/11/2024,C208,East,P318,Accessory,Sony,1379,3,907,20,Credit Card,5,No,0
ORD0524,5/18/2024,C278,South,P287,Mobile,OnePlus,19184,3,15375,0,Credit Card,7,No,1
ORD0525,8/26/2024,C021,South,P376,Home Appliance,LG,88499,2,69996,5,UPI,4,No,1
ORD0526,2/28/2024,C245,South,P127,Laptop,Lenovo,81230,5,64154,25,COD,5,No,0
ORD0527,2/2/2024,C191,West,P288,Home Appliance,LG,76625,5,60609,10,COD,10,No,0
ORD0528,12/10/2024,C034,West,P241,Mobile,Samsung,63207,3,53080,0,Credit Card,3,No,0
ORD0529,2/27/2024,C076,South,P315,Home Appliance,LG,53426,5,40692,5,COD,6,No,0
ORD0530,8/15/2024,C011,North,P403,Mobile,Apple,56024,3,44324,25,UPI,8,No,0
ORD0531,12/6/2024,C272,West,P347,Accessory,JBL,1880,3,1381,5,UPI,4,No,0
ORD0532,7/9/2024,C148,North,P246,Laptop,Lenovo,72274,2,53886,20,Debit Card,9,No,0
ORD0533,4/3/2024,C090,South,P233,Laptop,HP,50324,3,35433,20,Debit Card,8,No,0
ORD0534,7/8/2024,C095,North,P112,Tablet,Samsung,24695,5,18948,5,UPI,2,No,1
ORD0535,7/26/2024,C256,West,P342,Tablet,Apple,15281,5,12637,20,UPI,5,No,1
ORD0536,5/28/2024,C294,West,P112,Tablet,Lenovo,22360,1,17958,5,Credit Card,5,No,1
ORD0537,7/24/2024,C113,North,P200,Tablet,Apple,54855,5,43562,20,Debit Card,5,Yes,1
ORD0538,1/12/2024,C043,West,P303,Mobile,Xiaomi,37486,5,29953,20,Credit Card,6,No,0
ORD0539,3/16/2024,C219,East,P472,Mobile,OnePlus,57209,4,44916,20,Credit Card,4,No,0
ORD0540,8/15/2024,C213,East,P206,Laptop,Asus,89289,5,63748,20,Credit Card,3,No,0
ORD0541,6/4/2024,C244,East,P336,Mobile,Xiaomi,23593,3,17710,15,Debit Card,9,No,1
ORD0542,12/29/2024,C291,South,P255,Laptop,HP,85039,4,61988,0,UPI,10,No,0
ORD0543,9/9/2024,C287,South,P191,Mobile,Samsung,32188,4,24986,0,UPI,7,No,0
ORD0544,9/8/2024,C126,East,P455,Accessory,Sony,3763,5,2585,15,UPI,8,No,1
ORD0545,3/2/2024,C192,North,P183,Tablet,Apple,53119,3,39087,15,Debit Card,6,No,1
ORD0546,1/28/2024,C140,East,P491,Mobile,OnePlus,50228,1,40331,20,Debit Card,3,No,0
ORD0547,2/18/2024,C086,East,P106,Tablet,Samsung,59921,3,47924,0,UPI,3,No,0
ORD0548,3/11/2024,C266,West,P386,Accessory,JBL,2135,2,1313,20,Debit Card,4,No,1
ORD0549,11/10/2024,C270,North,P259,Accessory,Logitech,1425,2,879,0,COD,6,No,1
ORD0550,12/19/2024,C186,West,P165,Home Appliance,Whirlpool,37571,1,29718,25,Credit Card,4,No,0
ORD0551,12/21/2024,C073,East,P109,Laptop,HP,52067,4,41555,25,Credit Card,2,Yes,0
ORD0552,9/4/2024,C221,North,P441,Mobile,Samsung,73483,3,55986,0,Credit Card,5,No,0
ORD0553,1/6/2024,C050,South,P396,Home Appliance,Samsung,39219,1,30867,0,Debit Card,5,No,1
ORD0554,6/27/2024,C181,South,P244,Home Appliance,LG,27989,1,22446,20,Debit Card,4,No,0
ORD0555,3/28/2024,C276,North,P281,Laptop,Asus,83033,2,63919,15,Credit Card,3,No,1
ORD0556,7/13/2024,C218,South,P490,Accessory,Sony,3374,1,2086,20,Debit Card,8,No,1
ORD0557,7/3/2024,C148,North,P215,Mobile,OnePlus,76711,3,58420,15,UPI,8,No,0
ORD0558,10/10/2024,C209,West,P444,Laptop,Dell,97347,3,77284,5,Credit Card,8,No,0
ORD0559,2/23/2024,C203,North,P286,Mobile,Apple,63748,5,50364,0,Debit Card,2,Yes,0
ORD0560,4/11/2024,C174,West,P282,Mobile,Apple,67666,3,55656,25,UPI,7,No,1
ORD0561,8/31/2024,C208,East,P115,Laptop,Asus,49160,4,35012,15,Debit Card,3,No,0
ORD0562,2/20/2024,C028,West,P419,Mobile,Apple,62152,3,50371,5,UPI,10,No,0
ORD0563,2/19/2024,C040,West,P275,Accessory,Boat,3204,4,2240,20,UPI,9,No,0
ORD0564,10/3/2024,C280,North,P116,Accessory,Sony,3942,4,2631,15,COD,1,Yes,0
ORD0565,3/31/2024,C286,East,P445,Laptop,Asus,91450,4,65244,15,Credit Card,10,No,1
ORD0566,9/8/2024,C284,West,P446,Accessory,Boat,4950,3,3011,15,COD,10,No,0
ORD0567,6/29/2024,C146,North,P294,Home Appliance,LG,31803,3,25559,25,Credit Card,6,Yes,1
ORD0568,2/19/2024,C220,East,P143,Accessory,JBL,1262,2,882,5,UPI,10,No,1
ORD0569,12/18/2024,C034,North,P363,Tablet,Apple,16291,1,12769,15,COD,10,No,0
ORD0570,8/3/2024,C137,West,P151,Home Appliance,LG,56486,4,42803,10,Credit Card,8,No,0
ORD0571,12/19/2024,C106,East,P209,Laptop,Lenovo,82622,2,65845,15,Credit Card,9,No,0
ORD0572,5/27/2024,C136,West,P371,Laptop,Dell,110784,3,78598,10,Credit Card,10,No,0
ORD0573,8/31/2024,C219,North,P305,Tablet,Lenovo,67699,5,51450,10,Debit Card,7,No,0
ORD0574,5/8/2024,C264,South,P472,Mobile,Apple,77431,4,59722,10,COD,10,No,0
ORD0575,11/16/2024,C031,East,P132,Accessory,Boat,2769,3,1723,15,COD,6,No,0
ORD0576,11/20/2024,C105,East,P158,Tablet,Lenovo,25524,5,19287,5,COD,4,No,0
ORD0577,3/17/2024,C099,East,P169,Accessory,Logitech,4372,1,2899,5,Debit Card,5,No,0
ORD0578,1/15/2024,C133,East,P260,Home Appliance,Samsung,20535,4,16764,0,Credit Card,2,No,0
ORD0579,11/4/2024,C153,West,P157,Tablet,Lenovo,58085,4,47546,25,Debit Card,4,No,0
ORD0580,10/19/2024,C257,East,P316,Accessory,Sony,2750,3,1897,10,COD,4,No,1
ORD0581,4/21/2024,C074,South,P291,Tablet,Samsung,41763,5,31549,0,COD,9,No,1
ORD0582,12/24/2024,C058,West,P257,Accessory,Boat,3075,2,2250,10,COD,6,No,0
ORD0583,1/11/2024,C018,North,P221,Laptop,Lenovo,107447,3,79346,25,Credit Card,9,No,0
ORD0584,8/14/2024,C199,West,P324,Tablet,Samsung,20914,2,17225,10,Debit Card,3,No,0
ORD0585,11/19/2024,C163,West,P467,Mobile,OnePlus,22498,4,18725,15,COD,6,Yes,1
ORD0586,8/4/2024,C052,East,P455,Home Appliance,LG,61118,5,46577,25,UPI,8,No,0
ORD0587,1/15/2024,C027,South,P180,Accessory,Boat,825,3,544,10,Credit Card,2,No,1
ORD0588,5/7/2024,C265,South,P267,Home Appliance,Bosch,56864,2,43509,10,Debit Card,10,No,0
ORD0589,5/24/2024,C102,East,P385,Laptop,Asus,84456,5,67098,5,Credit Card,1,No,1
ORD0590,11/27/2024,C118,West,P145,Laptop,Lenovo,57119,5,40267,15,UPI,3,No,0
ORD0591,7/7/2024,C088,North,P197,Mobile,Xiaomi,71468,4,59513,0,Debit Card,4,No,0
ORD0592,5/16/2024,C148,West,P192,Laptop,Asus,62080,3,47181,25,Debit Card,7,No,0
ORD0593,7/28/2024,C075,East,P168,Laptop,Asus,67547,4,49779,0,Credit Card,8,Yes,0
ORD0594,6/14/2024,C204,West,P341,Accessory,JBL,1398,1,858,0,UPI,4,No,1
ORD0595,6/30/2024,C024,West,P186,Tablet,Samsung,58991,5,45251,0,Debit Card,5,No,0
ORD0596,9/14/2024,C253,West,P260,Laptop,Dell,76591,4,59053,5,UPI,2,Yes,0
ORD0597,1/23/2024,C066,East,P260,Tablet,Samsung,33541,3,27512,20,UPI,9,No,0
ORD0598,8/11/2024,C085,West,P340,Laptop,Asus,41975,1,30175,5,Debit Card,1,Yes,0
ORD0599,5/13/2024,C084,West,P157,Mobile,Xiaomi,17346,5,13775,15,COD,8,No,0
ORD0600,3/16/2024,C064,South,P102,Tablet,Apple,69719,5,52068,10,Debit Card,10,No,1
ORD0601,9/26/2024,C293,North,P291,Laptop,Asus,47360,1,37354,10,Credit Card,7,No,1
ORD0602,10/29/2024,C055,South,P436,Mobile,Samsung,72323,4,60250,15,UPI,10,Yes,0
ORD0603,1/3/2024,C169,West,P429,Tablet,Lenovo,63124,5,51805,5,Debit Card,1,No,0
ORD0604,5/24/2024,C166,North,P110,Home Appliance,Bosch,27130,2,20615,5,COD,2,No,0
ORD0605,4/16/2024,C084,West,P321,Tablet,Lenovo,64319,2,53091,0,UPI,8,No,0
ORD0606,6/7/2024,C068,North,P407,Tablet,Lenovo,28098,4,21887,15,UPI,10,No,0
ORD0607,8/4/2024,C047,East,P446,Home Appliance,Samsung,71899,1,56301,0,UPI,8,No,0
ORD0608,4/24/2024,C080,North,P450,Tablet,Samsung,43662,4,32218,10,Debit Card,3,No,1
ORD0609,6/2/2024,C128,East,P317,Home Appliance,LG,87219,1,63465,20,Credit Card,9,Yes,0
ORD0610,7/30/2024,C049,East,P191,Tablet,Samsung,53375,5,39400,0,Credit Card,8,No,1
ORD0611,4/3/2024,C202,West,P195,Tablet,Samsung,53483,4,42915,20,UPI,6,No,1
ORD0612,4/18/2024,C095,East,P335,Mobile,Xiaomi,14348,1,10769,0,Debit Card,8,No,0
ORD0613,12/20/2024,C208,West,P144,Tablet,Lenovo,68289,3,56501,25,COD,5,No,0
ORD0614,3/5/2024,C070,North,P420,Mobile,Apple,15514,2,11960,25,Debit Card,7,No,1
ORD0615,10/2/2024,C098,West,P341,Laptop,Asus,90296,2,63404,5,COD,8,No,0
ORD0616,1/11/2024,C231,South,P422,Tablet,Lenovo,69358,1,56414,10,Credit Card,2,No,1
ORD0617,12/31/2024,C222,West,P465,Home Appliance,Whirlpool,19851,4,15260,20,COD,4,No,1
ORD0618,2/1/2024,C271,East,P418,Home Appliance,LG,50107,4,40550,15,Credit Card,8,No,0
ORD0619,11/26/2024,C178,West,P359,Mobile,Apple,49750,4,40925,10,COD,4,No,0
ORD0620,4/22/2024,C174,West,P206,Laptop,Lenovo,86166,3,68586,15,Debit Card,10,No,1
ORD0621,5/24/2024,C045,South,P220,Laptop,HP,55488,1,42202,15,COD,5,No,0
ORD0622,4/17/2024,C286,North,P272,Tablet,Samsung,38399,2,30630,20,Credit Card,2,No,0
ORD0623,8/8/2024,C059,North,P236,Home Appliance,Samsung,78748,3,58728,10,Credit Card,9,No,0
ORD0624,3/18/2024,C264,North,P121,Mobile,Xiaomi,71917,1,60860,0,Credit Card,9,No,1
ORD0625,9/16/2024,C054,North,P178,Laptop,Lenovo,55582,4,42955,20,COD,2,No,0
ORD0626,11/27/2024,C187,South,P246,Mobile,Apple,69554,1,58909,5,COD,6,No,0
ORD0627,9/15/2024,C088,East,P319,Accessory,JBL,2810,5,1749,15,Debit Card,3,Yes,1
ORD0628,7/30/2024,C210,East,P261,Mobile,Xiaomi,31082,5,25705,0,Credit Card,6,No,0
ORD0629,7/24/2024,C085,West,P448,Mobile,Apple,19577,5,16596,10,COD,7,No,0
ORD0630,12/24/2024,C284,East,P328,Tablet,Apple,69198,5,52450,20,Debit Card,7,Yes,0
ORD0631,11/25/2024,C106,West,P271,Tablet,Lenovo,41509,3,33520,0,Credit Card,9,No,0
ORD0632,7/18/2024,C065,East,P114,Laptop,Dell,102065,5,77077,10,Debit Card,1,No,0
ORD0633,10/3/2024,C133,East,P124,Accessory,Sony,1291,3,937,25,UPI,2,Yes,1
ORD0634,11/29/2024,C064,North,P253,Accessory,JBL,2734,5,1970,20,Debit Card,6,No,0
ORD0635,5/25/2024,C294,West,P150,Home Appliance,Samsung,28792,5,21674,5,UPI,8,No,1
ORD0636,3/16/2024,C218,North,P289,Mobile,Samsung,67690,4,56781,5,COD,2,No,0
ORD0637,12/12/2024,C270,West,P183,Tablet,Lenovo,47691,4,37849,25,COD,7,No,1
ORD0638,3/14/2024,C259,West,P289,Laptop,Dell,62871,1,46873,25,Debit Card,9,No,1
ORD0639,3/1/2024,C210,East,P255,Home Appliance,Whirlpool,20279,1,15661,10,UPI,6,No,0
ORD0640,5/30/2024,C249,South,P478,Laptop,Asus,41376,3,32839,10,Debit Card,3,No,0
ORD0641,9/7/2024,C002,East,P500,Mobile,Samsung,66732,3,53259,20,COD,6,No,0
ORD0642,7/12/2024,C244,South,P419,Laptop,Asus,93973,2,72051,25,UPI,2,No,1
ORD0643,12/6/2024,C210,West,P184,Tablet,Lenovo,18002,4,14866,25,UPI,2,No,0
ORD0644,12/28/2024,C013,East,P367,Home Appliance,LG,88315,5,64338,20,Credit Card,10,Yes,0
ORD0645,4/6/2024,C244,North,P373,Mobile,Apple,14486,2,11262,5,COD,2,Yes,1
ORD0646,11/6/2024,C165,North,P231,Accessory,Sony,3584,4,2385,0,UPI,7,No,1
ORD0647,2/16/2024,C059,South,P447,Tablet,Apple,26971,1,20378,5,UPI,7,No,0
ORD0648,3/27/2024,C031,East,P265,Laptop,Dell,42667,1,31138,10,Debit Card,7,No,1
ORD0649,5/12/2024,C193,North,P485,Mobile,Apple,43407,5,35820,5,COD,9,No,1
ORD0650,9/15/2024,C198,East,P424,Mobile,OnePlus,72925,1,58727,15,Credit Card,7,No,0
ORD0651,4/29/2024,C010,North,P291,Laptop,HP,74926,4,56705,0,Debit Card,3,Yes,0
ORD0652,10/3/2024,C087,West,P100,Home Appliance,Bosch,20477,4,14745,20,UPI,3,Yes,0
ORD0653,1/31/2024,C247,East,P478,Accessory,JBL,2542,5,1748,10,Credit Card,3,No,0
ORD0654,9/30/2024,C289,North,P358,Accessory,Sony,1944,3,1377,15,Debit Card,10,No,0
ORD0655,6/11/2024,C176,West,P268,Tablet,Apple,58402,3,48374,5,COD,10,No,0
ORD0656,1/9/2024,C069,North,P375,Home Appliance,Bosch,15560,2,12605,15,COD,7,Yes,0
ORD0657,2/11/2024,C040,West,P163,Mobile,OnePlus,61332,3,51074,15,Debit Card,1,No,0
ORD0658,8/24/2024,C190,West,P420,Mobile,Apple,14592,3,12050,5,Credit Card,10,No,0
ORD0659,6/4/2024,C114,West,P426,Tablet,Apple,33399,5,26027,5,Credit Card,4,No,0
ORD0660,7/21/2024,C057,West,P401,Laptop,HP,109148,5,83740,20,Debit Card,2,Yes,1
ORD0661,3/6/2024,C034,South,P332,Home Appliance,Whirlpool,40146,1,32308,25,UPI,9,No,1
ORD0662,1/2/2024,C219,North,P364,Tablet,Samsung,41665,5,31557,15,COD,6,No,1
ORD0663,1/23/2024,C115,West,P112,Home Appliance,Bosch,56450,2,40673,10,Credit Card,10,No,0
ORD0664,4/25/2024,C217,South,P112,Laptop,HP,78152,1,57135,0,COD,7,No,0
ORD0665,10/30/2024,C172,South,P497,Mobile,Xiaomi,43242,1,36577,10,Debit Card,2,No,0
ORD0666,11/3/2024,C225,West,P500,Home Appliance,LG,26211,1,21426,15,UPI,2,No,0
ORD0667,3/6/2024,C032,West,P295,Mobile,OnePlus,68602,1,51902,20,Credit Card,5,No,0
ORD0668,7/24/2024,C050,West,P433,Laptop,Dell,94429,4,69725,20,Credit Card,6,No,0
ORD0669,12/11/2024,C014,East,P199,Home Appliance,Samsung,29156,5,21291,25,Credit Card,10,No,0
ORD0670,10/20/2024,C065,East,P122,Tablet,Samsung,46548,4,37353,5,Debit Card,3,Yes,1
ORD0671,1/31/2024,C066,West,P258,Home Appliance,Whirlpool,55788,5,43423,5,Debit Card,8,No,0
ORD0672,11/4/2024,C176,North,P200,Home Appliance,Samsung,22512,5,16743,0,COD,6,No,0
ORD0673,4/12/2024,C104,East,P253,Laptop,Asus,96263,3,73157,20,UPI,10,No,0
ORD0674,8/2/2024,C169,West,P419,Mobile,Xiaomi,40757,2,34317,25,Debit Card,8,No,0
ORD0675,4/19/2024,C123,East,P283,Accessory,Boat,4079,1,2560,10,Credit Card,2,No,1
ORD0676,1/16/2024,C285,East,P189,Accessory,Boat,3748,1,2273,5,Debit Card,5,No,0
ORD0677,4/22/2024,C135,East,P446,Home Appliance,Samsung,38401,2,28401,10,Credit Card,1,No,0
ORD0678,3/11/2024,C195,North,P419,Tablet,Apple,34993,3,27141,10,Debit Card,9,No,0
ORD0679,8/10/2024,C034,South,P123,Laptop,HP,104803,3,77325,10,COD,4,No,0
ORD0680,11/11/2024,C097,East,P472,Laptop,Lenovo,67397,3,47536,5,COD,4,No,0
ORD0681,2/11/2024,C241,North,P264,Laptop,Asus,119550,3,92664,15,COD,3,No,1
ORD0682,12/30/2024,C192,West,P212,Accessory,Logitech,2998,5,2060,25,Credit Card,4,No,0
ORD0683,4/13/2024,C232,West,P381,Laptop,Lenovo,90708,5,71556,5,UPI,5,No,1
ORD0684,2/13/2024,C069,East,P330,Accessory,JBL,2685,4,1846,20,UPI,7,No,0
ORD0685,8/27/2024,C222,West,P283,Tablet,Samsung,40059,4,29342,5,UPI,2,No,1
ORD0686,2/12/2024,C151,North,P200,Tablet,Apple,21449,3,15912,0,Debit Card,6,No,1
ORD0687,12/11/2024,C169,East,P500,Laptop,HP,106188,1,84020,10,UPI,6,No,0
ORD0688,7/25/2024,C208,North,P400,Accessory,Boat,4056,2,2572,15,Debit Card,9,No,0
ORD0689,10/9/2024,C240,West,P324,Tablet,Apple,35517,4,28931,25,COD,4,No,0
ORD0690,8/18/2024,C286,South,P215,Home Appliance,Samsung,55051,1,44829,15,UPI,6,No,0
ORD0691,8/2/2024,C218,West,P269,Home Appliance,Whirlpool,57739,5,44961,0,Debit Card,3,No,0
ORD0692,10/17/2024,C294,West,P391,Laptop,Asus,43350,2,32662,15,Credit Card,6,No,1
ORD0693,8/19/2024,C156,North,P201,Home Appliance,Samsung,19202,5,15412,15,Credit Card,3,No,0
ORD0694,2/5/2024,C198,South,P267,Tablet,Lenovo,49366,1,36382,10,Credit Card,3,No,1
ORD0695,7/29/2024,C201,North,P258,Laptop,Asus,97685,4,75638,5,Debit Card,4,No,0
ORD0696,8/9/2024,C244,East,P173,Home Appliance,Samsung,80860,4,64015,10,Debit Card,1,No,1
ORD0697,8/16/2024,C033,South,P247,Home Appliance,Whirlpool,89609,4,72397,15,Credit Card,2,No,0
ORD0698,11/26/2024,C234,East,P296,Accessory,Boat,4200,5,2676,25,COD,8,No,0
ORD0699,12/3/2024,C094,North,P457,Accessory,Sony,2763,2,2024,10,UPI,2,No,1
ORD0700,4/21/2024,C253,North,P229,Tablet,Apple,64505,3,47767,15,COD,3,No,0
ORD0701,4/16/2024,C260,North,P105,Mobile,Xiaomi,61958,4,48597,5,COD,1,No,1
ORD0702,5/8/2024,C059,South,P436,Tablet,Lenovo,64065,4,49741,0,Credit Card,9,Yes,0
ORD0703,5/4/2024,C225,East,P479,Laptop,HP,37367,2,28425,10,Credit Card,9,No,0
ORD0704,7/19/2024,C087,North,P210,Tablet,Apple,43878,2,33602,25,Credit Card,9,No,0
ORD0705,8/14/2024,C025,North,P227,Accessory,JBL,4437,1,2697,0,COD,4,No,0
ORD0706,7/10/2024,C123,North,P149,Accessory,Sony,919,2,597,25,Credit Card,4,No,1
ORD0707,12/6/2024,C086,North,P302,Accessory,Sony,3479,2,2255,20,Debit Card,9,No,1
ORD0708,8/7/2024,C062,North,P334,Tablet,Samsung,26378,3,19295,0,COD,4,No,0
ORD0709,4/22/2024,C034,East,P355,Home Appliance,Whirlpool,20759,2,15086,15,UPI,10,Yes,1
ORD0710,2/22/2024,C275,South,P189,Tablet,Apple,54312,4,41409,25,Debit Card,6,No,0
ORD0711,11/21/2024,C163,West,P427,Mobile,OnePlus,14313,5,11605,15,COD,9,No,0
ORD0712,4/29/2024,C258,North,P487,Laptop,Dell,115786,1,89837,10,Debit Card,7,Yes,1
ORD0713,5/4/2024,C041,East,P471,Accessory,JBL,2454,2,1528,25,Credit Card,4,No,0
ORD0714,11/2/2024,C228,East,P484,Laptop,Lenovo,76620,1,58565,20,COD,5,Yes,0
ORD0715,1/13/2024,C118,East,P295,Tablet,Apple,28488,2,22332,25,Debit Card,10,No,0
ORD0716,9/23/2024,C165,North,P164,Mobile,Xiaomi,21173,1,17898,25,Debit Card,4,No,0
ORD0717,2/16/2024,C089,South,P317,Laptop,Dell,90868,3,70195,5,Debit Card,4,No,0
ORD0718,3/31/2024,C128,West,P341,Laptop,Lenovo,98068,3,69432,15,COD,3,No,1
ORD0719,8/13/2024,C217,West,P375,Laptop,Asus,37596,4,29181,0,UPI,10,No,0
ORD0720,3/19/2024,C284,East,P270,Accessory,Logitech,3305,4,2207,20,COD,2,No,0
ORD0721,3/10/2024,C241,South,P302,Mobile,Samsung,77627,3,63889,15,COD,7,No,1
ORD0722,7/10/2024,C197,North,P230,Accessory,Sony,1819,5,1196,5,Debit Card,7,No,0
ORD0723,6/27/2024,C261,East,P423,Mobile,Xiaomi,67579,2,55655,15,Credit Card,6,No,1
ORD0724,12/27/2024,C015,South,P396,Tablet,Lenovo,44849,2,36974,10,Debit Card,10,No,0
ORD0725,12/5/2024,C083,North,P229,Accessory,Logitech,1458,2,988,15,Debit Card,7,No,0
ORD0726,12/20/2024,C155,West,P237,Home Appliance,Whirlpool,68950,1,54832,0,UPI,3,No,0
ORD0727,4/17/2024,C204,North,P475,Laptop,Asus,35206,4,24985,20,COD,5,No,0
ORD0728,8/8/2024,C088,South,P202,Laptop,HP,98762,1,70930,15,Debit Card,3,Yes,0
ORD0729,1/31/2024,C094,South,P250,Tablet,Samsung,43883,5,34785,0,Debit Card,2,No,0
ORD0730,2/13/2024,C194,North,P131,Tablet,Apple,53380,4,40220,25,Credit Card,1,No,0
ORD0731,5/16/2024,C004,North,P487,Mobile,Apple,12951,5,10199,10,COD,8,No,0
ORD0732,6/21/2024,C220,East,P269,Tablet,Apple,38672,4,30802,20,Credit Card,6,Yes,0
ORD0733,2/21/2024,C002,West,P331,Laptop,Dell,113893,5,81124,10,Debit Card,6,No,1
ORD0734,11/12/2024,C244,South,P219,Mobile,OnePlus,14179,1,11532,25,UPI,8,No,0
ORD0735,11/6/2024,C249,North,P410,Tablet,Samsung,46203,1,38287,25,COD,5,No,0
ORD0736,4/9/2024,C074,North,P159,Laptop,Asus,46415,5,33889,15,Debit Card,8,No,0
ORD0737,9/3/2024,C277,South,P492,Laptop,Dell,48824,1,36300,5,UPI,7,No,0
ORD0738,5/23/2024,C113,West,P293,Mobile,Apple,76482,3,58053,5,Credit Card,6,No,0
ORD0739,7/14/2024,C288,West,P479,Laptop,HP,68959,1,49069,0,Credit Card,6,No,0
ORD0740,10/30/2024,C097,North,P131,Home Appliance,Whirlpool,31700,4,25529,20,Credit Card,5,No,0
ORD0741,10/29/2024,C275,West,P302,Accessory,JBL,3790,2,2727,20,Debit Card,2,No,1
ORD0742,1/5/2024,C276,East,P482,Laptop,Lenovo,63692,4,47767,5,UPI,3,No,1
ORD0743,12/6/2024,C018,East,P249,Home Appliance,LG,50841,5,41673,15,Debit Card,8,No,0
ORD0744,12/26/2024,C193,East,P253,Laptop,HP,64500,1,49667,5,COD,7,No,0
ORD0745,12/3/2024,C082,West,P370,Tablet,Samsung,59426,3,46194,15,COD,2,No,0
ORD0746,5/24/2024,C145,South,P435,Home Appliance,Bosch,27755,5,20346,0,UPI,8,No,0
ORD0747,3/24/2024,C296,West,P471,Tablet,Apple,28747,2,21612,25,Credit Card,6,No,1
ORD0748,10/21/2024,C053,South,P126,Accessory,Logitech,2178,1,1609,10,COD,3,No,0
ORD0749,3/1/2024,C264,West,P452,Laptop,Asus,67112,2,47206,15,COD,5,No,0
ORD0750,11/1/2024,C089,West,P159,Mobile,Xiaomi,62082,4,48270,10,Credit Card,2,No,0
ORD0751,2/12/2024,C063,South,P347,Mobile,Xiaomi,47877,1,39229,20,Debit Card,7,No,0
ORD0752,11/26/2024,C223,South,P301,Mobile,OnePlus,20322,5,16692,5,COD,1,Yes,0
ORD0753,10/11/2024,C275,West,P384,Mobile,Samsung,39192,1,33178,5,Debit Card,1,No,0
ORD0754,8/16/2024,C161,South,P359,Home Appliance,Samsung,36130,3,26330,0,Credit Card,2,No,0
ORD0755,6/1/2024,C187,South,P395,Accessory,Sony,2834,5,1828,10,COD,3,No,0
ORD0756,9/8/2024,C161,East,P172,Home Appliance,Samsung,27977,1,21997,5,Credit Card,4,No,0
ORD0757,6/2/2024,C111,South,P230,Home Appliance,Whirlpool,51358,5,37637,15,Credit Card,9,No,1
ORD0758,5/13/2024,C196,South,P204,Accessory,Logitech,1482,4,1099,25,Debit Card,9,No,1
ORD0759,2/6/2024,C138,South,P178,Tablet,Lenovo,58077,5,46158,20,Debit Card,7,No,0
ORD0760,6/10/2024,C223,South,P427,Mobile,OnePlus,28334,5,22756,15,Credit Card,6,No,0
ORD0761,2/15/2024,C186,East,P500,Laptop,HP,70867,4,49676,5,COD,2,Yes,0
ORD0762,3/4/2024,C090,East,P150,Home Appliance,Bosch,27522,5,21271,10,UPI,10,No,1
ORD0763,1/25/2024,C088,West,P104,Laptop,Lenovo,104688,4,79056,15,Debit Card,5,No,1
ORD0764,12/17/2024,C263,South,P447,Laptop,Asus,109391,1,84618,25,UPI,4,No,0
ORD0765,11/7/2024,C215,South,P425,Accessory,JBL,4639,3,3132,15,Debit Card,5,No,0
ORD0766,2/14/2024,C157,East,P480,Mobile,Samsung,22052,1,18148,5,Credit Card,2,No,0
ORD0767,5/26/2024,C284,North,P107,Accessory,Boat,4729,5,3190,25,Credit Card,7,No,1
ORD0768,11/11/2024,C098,North,P329,Accessory,JBL,2800,5,2097,25,Credit Card,10,No,1
ORD0769,3/27/2024,C269,South,P187,Mobile,OnePlus,29474,1,23619,15,COD,7,No,0
ORD0770,7/10/2024,C058,South,P477,Home Appliance,LG,53019,3,39759,10,Debit Card,1,No,0
ORD0771,11/19/2024,C292,East,P415,Home Appliance,LG,75693,4,61254,0,UPI,1,No,1
ORD0772,8/23/2024,C169,North,P201,Mobile,OnePlus,36400,1,28763,0,COD,8,No,1
ORD0773,2/13/2024,C271,South,P291,Accessory,Sony,4792,3,2880,5,COD,7,No,0
ORD0774,6/2/2024,C187,South,P482,Home Appliance,Whirlpool,29246,4,23950,5,Debit Card,6,No,0
ORD0775,8/10/2024,C003,South,P182,Mobile,Apple,49342,4,37205,15,UPI,1,Yes,0
ORD0776,12/7/2024,C102,East,P471,Mobile,Xiaomi,76103,2,61263,10,COD,9,No,0
ORD0777,7/18/2024,C068,North,P447,Mobile,Apple,32387,1,25404,25,Debit Card,1,No,0
ORD0778,6/24/2024,C220,North,P178,Accessory,Logitech,3171,1,2036,15,Debit Card,10,No,1
ORD0779,9/18/2024,C096,North,P458,Tablet,Lenovo,31210,4,24862,5,COD,2,No,0
ORD0780,9/14/2024,C093,South,P109,Laptop,Dell,52340,3,38738,5,Debit Card,7,No,0
ORD0781,11/11/2024,C103,North,P345,Accessory,Logitech,3310,2,2333,5,UPI,7,No,1
ORD0782,2/1/2024,C262,North,P263,Tablet,Apple,32645,3,25017,25,COD,4,No,1
ORD0783,1/25/2024,C094,North,P229,Tablet,Apple,33698,5,26190,0,COD,3,No,0
ORD0784,9/8/2024,C187,North,P432,Mobile,Samsung,29079,3,22772,25,UPI,4,No,1
ORD0785,5/21/2024,C108,North,P138,Mobile,Apple,27775,2,20945,5,COD,2,No,0
ORD0786,10/6/2024,C176,West,P277,Laptop,HP,40742,4,29040,20,UPI,9,No,1
ORD0787,7/6/2024,C230,North,P240,Accessory,Sony,4755,5,3151,0,Debit Card,10,No,0
ORD0788,12/22/2024,C067,North,P484,Laptop,Asus,99884,5,76757,0,Debit Card,8,No,1
ORD0789,9/17/2024,C197,West,P456,Accessory,JBL,2495,2,1565,20,Debit Card,10,Yes,0
ORD0790,1/5/2024,C263,East,P123,Tablet,Apple,34422,5,27566,0,Debit Card,4,No,0
ORD0791,9/30/2024,C122,South,P373,Tablet,Apple,32723,1,26745,25,Debit Card,4,No,0
ORD0792,2/29/2024,C001,East,P413,Tablet,Apple,61233,3,50113,25,Debit Card,7,No,0
ORD0793,5/30/2024,C167,North,P436,Tablet,Apple,62872,2,51965,10,Credit Card,9,No,1
ORD0794,10/25/2024,C055,West,P237,Tablet,Lenovo,56569,2,44714,15,Debit Card,6,No,0
ORD0795,4/14/2024,C298,West,P147,Laptop,Asus,65372,4,50531,10,Debit Card,8,No,0
ORD0796,9/10/2024,C093,South,P301,Laptop,Asus,58646,1,44849,10,Debit Card,3,No,0
ORD0797,12/17/2024,C097,North,P408,Accessory,Boat,4527,4,3333,0,Debit Card,1,No,1
ORD0798,2/21/2024,C194,North,P106,Mobile,Samsung,29324,1,22721,10,Debit Card,10,No,0
ORD0799,1/5/2024,C055,East,P269,Mobile,Apple,30249,5,24139,15,Debit Card,5,No,1
ORD0800,9/2/2024,C080,East,P361,Home Appliance,LG,17779,1,14267,20,UPI,2,Yes,0
ORD0801,7/31/2024,C073,South,P450,Mobile,Apple,67985,3,53608,25,UPI,4,No,0
ORD0802,7/15/2024,C058,North,P143,Laptop,Dell,71937,5,52926,10,Credit Card,6,No,0
ORD0803,1/23/2024,C078,East,P153,Home Appliance,Samsung,70737,3,51993,20,UPI,6,Yes,0
ORD0804,5/18/2024,C256,East,P328,Mobile,Samsung,31482,2,26060,10,Debit Card,7,Yes,0
ORD0805,9/1/2024,C035,West,P263,Tablet,Apple,20927,2,15952,5,COD,6,No,0
ORD0806,9/10/2024,C218,West,P354,Home Appliance,Whirlpool,33116,2,26499,15,COD,9,No,0
ORD0807,10/2/2024,C274,South,P285,Accessory,Sony,4255,2,2889,25,Credit Card,4,No,0
ORD0808,1/2/2024,C105,North,P498,Tablet,Lenovo,46059,1,38033,0,UPI,6,No,0
ORD0809,3/12/2024,C151,West,P475,Laptop,HP,64437,2,45465,0,Debit Card,7,No,0
ORD0810,1/14/2024,C218,North,P172,Home Appliance,LG,77498,2,62288,0,Debit Card,6,No,0
ORD0811,2/10/2024,C126,West,P310,Laptop,HP,96573,5,74781,25,UPI,8,No,1
ORD0812,6/21/2024,C228,North,P182,Tablet,Apple,25216,1,18558,20,Debit Card,9,No,0
ORD0813,1/6/2024,C203,West,P147,Home Appliance,Whirlpool,89981,2,69302,15,Debit Card,5,No,0
ORD0814,9/24/2024,C194,South,P344,Laptop,Asus,116139,4,81947,5,Credit Card,8,No,0
ORD0815,6/9/2024,C208,South,P408,Mobile,OnePlus,67603,1,52018,0,Credit Card,6,Yes,0
ORD0816,6/20/2024,C015,South,P203,Home Appliance,LG,23561,1,17463,10,Debit Card,9,No,0
ORD0817,11/22/2024,C017,North,P147,Home Appliance,LG,88890,4,72769,0,Credit Card,6,No,0
ORD0818,6/7/2024,C005,East,P308,Accessory,Boat,3376,3,2406,5,Credit Card,6,No,1
ORD0819,9/14/2024,C052,South,P449,Mobile,Xiaomi,74515,1,60255,10,Debit Card,3,No,1
ORD0820,8/25/2024,C041,North,P167,Laptop,HP,53463,2,41534,20,UPI,8,No,0
ORD0821,6/22/2024,C149,West,P390,Mobile,Xiaomi,43340,5,33410,20,Credit Card,3,No,0
ORD0822,11/17/2024,C255,North,P260,Laptop,Lenovo,106714,1,83957,15,Credit Card,8,No,0
ORD0823,3/27/2024,C152,East,P342,Home Appliance,Whirlpool,61316,2,44694,25,COD,5,Yes,0
ORD0824,5/11/2024,C227,South,P448,Mobile,Xiaomi,17189,3,13516,15,COD,10,No,0
ORD0825,3/7/2024,C226,East,P429,Tablet,Apple,59708,4,46053,10,Credit Card,10,No,0
ORD0826,1/30/2024,C126,North,P298,Laptop,Dell,73097,5,53915,15,Credit Card,4,Yes,0
ORD0827,8/24/2024,C048,West,P305,Home Appliance,Bosch,29302,1,21348,15,COD,4,No,0
ORD0828,6/17/2024,C034,West,P174,Laptop,Asus,49984,1,36380,20,Debit Card,8,Yes,0
ORD0829,11/23/2024,C110,North,P127,Home Appliance,Bosch,23178,3,18858,15,COD,4,No,0
ORD0830,4/18/2024,C012,West,P141,Tablet,Samsung,56660,2,42359,0,UPI,7,No,0
ORD0831,6/1/2024,C232,South,P201,Tablet,Apple,69430,4,51057,10,UPI,3,No,0
ORD0832,6/27/2024,C215,South,P470,Accessory,JBL,3987,5,2884,20,Debit Card,2,No,0
ORD0833,12/7/2024,C297,East,P445,Tablet,Apple,24863,2,20378,15,UPI,2,No,0
ORD0834,7/27/2024,C135,North,P481,Accessory,Boat,4480,5,3117,0,Credit Card,4,No,0
ORD0835,4/6/2024,C216,South,P286,Home Appliance,Bosch,43329,2,32705,25,Credit Card,6,Yes,0
ORD0836,1/9/2024,C155,North,P491,Accessory,Logitech,4191,3,2772,20,COD,9,No,0
ORD0837,6/20/2024,C059,West,P245,Accessory,JBL,2249,2,1535,20,COD,7,No,0
ORD0838,12/3/2024,C224,North,P483,Mobile,Samsung,23749,5,19354,15,Credit Card,8,No,0
ORD0839,11/15/2024,C279,West,P295,Home Appliance,LG,52998,2,42672,5,COD,9,Yes,0
ORD0840,2/28/2024,C101,North,P359,Tablet,Samsung,42062,4,34524,0,UPI,4,No,0
ORD0841,5/25/2024,C138,East,P178,Tablet,Samsung,59125,4,44589,0,Credit Card,1,No,0
ORD0842,7/10/2024,C266,East,P415,Tablet,Apple,52498,2,43535,20,COD,4,No,0
ORD0843,11/25/2024,C202,West,P218,Laptop,Asus,57769,3,42767,20,Debit Card,7,No,0
ORD0844,2/20/2024,C065,West,P323,Tablet,Lenovo,25423,2,20970,0,Credit Card,1,No,0
ORD0845,1/6/2024,C079,North,P222,Home Appliance,Bosch,18314,2,14545,15,UPI,3,No,0
ORD0846,11/30/2024,C114,South,P152,Accessory,JBL,1223,2,784,25,Credit Card,10,No,0
ORD0847,2/26/2024,C236,North,P285,Mobile,Apple,49022,2,38050,0,Credit Card,8,No,1
ORD0848,4/16/2024,C201,North,P260,Accessory,Sony,4785,1,3559,5,COD,7,No,1
ORD0849,11/20/2024,C231,South,P277,Tablet,Apple,26709,5,21259,0,Credit Card,6,Yes,1
ORD0850,9/4/2024,C280,East,P286,Mobile,Apple,15873,5,12755,20,Debit Card,4,No,0
ORD0851,2/28/2024,C112,South,P462,Laptop,Dell,51591,4,37494,5,Credit Card,6,No,0
ORD0852,10/9/2024,C151,West,P152,Accessory,Logitech,2381,2,1517,25,UPI,7,No,0
ORD0853,10/25/2024,C160,South,P296,Accessory,Logitech,4454,3,2955,10,Credit Card,10,No,1
ORD0854,8/7/2024,C103,East,P409,Mobile,Xiaomi,33921,5,28457,10,COD,5,No,1
ORD0855,11/26/2024,C272,North,P210,Mobile,Apple,54294,2,43051,10,Debit Card,2,No,0
ORD0856,12/2/2024,C191,East,P264,Mobile,Samsung,53758,3,44018,5,COD,10,No,1
ORD0857,4/29/2024,C288,East,P430,Home Appliance,Samsung,84109,5,62387,10,Credit Card,10,No,0
ORD0858,8/3/2024,C223,East,P161,Laptop,HP,41509,4,32388,0,UPI,7,Yes,0
ORD0859,3/4/2024,C232,East,P245,Home Appliance,Bosch,45988,3,35762,0,Credit Card,8,Yes,0
ORD0860,3/8/2024,C207,North,P262,Tablet,Lenovo,16066,1,11839,15,UPI,5,No,1
ORD0861,6/26/2024,C205,East,P416,Accessory,Sony,4022,4,2593,15,Credit Card,6,No,1
ORD0862,2/22/2024,C015,North,P197,Laptop,Dell,77317,4,60781,5,Debit Card,2,No,1
ORD0863,7/7/2024,C276,North,P452,Tablet,Apple,22261,3,16357,0,UPI,6,No,1
ORD0864,11/9/2024,C195,South,P442,Laptop,Asus,50715,2,36140,20,COD,8,No,0
ORD0865,3/3/2024,C268,West,P492,Accessory,JBL,3437,4,2460,5,Credit Card,5,No,0
ORD0866,5/31/2024,C043,South,P339,Laptop,Dell,44849,1,35752,5,Credit Card,4,No,0
ORD0867,7/16/2024,C097,East,P212,Laptop,Lenovo,75871,2,58485,20,Credit Card,3,No,0
ORD0868,7/5/2024,C198,South,P431,Accessory,Boat,1362,2,873,25,UPI,10,No,0
ORD0869,2/22/2024,C076,North,P438,Mobile,Apple,14174,2,11897,10,Credit Card,8,No,1
ORD0870,9/28/2024,C232,North,P270,Home Appliance,LG,61455,2,46899,15,COD,9,No,0
ORD0871,1/28/2024,C226,North,P241,Mobile,Xiaomi,67389,2,51848,15,Debit Card,10,No,0
ORD0872,9/28/2024,C253,North,P133,Mobile,Apple,26559,1,20502,0,UPI,4,No,1
ORD0873,9/29/2024,C052,West,P204,Accessory,Logitech,1629,3,1031,15,Debit Card,3,No,0
ORD0874,6/26/2024,C148,East,P187,Mobile,Samsung,36258,5,29018,15,UPI,4,Yes,1
ORD0875,6/10/2024,C036,East,P235,Accessory,Boat,904,4,632,10,Credit Card,3,No,1
ORD0876,2/9/2024,C088,North,P123,Home Appliance,Whirlpool,77105,4,60012,5,COD,2,No,1
ORD0877,1/9/2024,C291,East,P351,Laptop,HP,54212,1,42151,10,UPI,8,Yes,1
ORD0878,6/28/2024,C280,West,P496,Tablet,Samsung,45064,3,32957,10,UPI,9,No,0
ORD0879,12/5/2024,C248,North,P225,Laptop,Asus,63869,2,48919,10,COD,1,No,0
ORD0880,10/22/2024,C221,North,P189,Laptop,Asus,118720,3,84385,25,COD,9,Yes,0
ORD0881,5/15/2024,C179,West,P162,Home Appliance,Bosch,51208,1,38453,20,UPI,10,No,0
ORD0882,8/9/2024,C233,East,P248,Tablet,Apple,15546,2,12124,15,Debit Card,9,Yes,0
ORD0883,11/15/2024,C286,East,P244,Accessory,JBL,1329,1,956,15,Credit Card,4,No,0
ORD0884,10/30/2024,C064,East,P279,Mobile,Xiaomi,58170,1,47468,0,UPI,3,No,0
ORD0885,5/25/2024,C258,South,P212,Mobile,OnePlus,30696,2,26079,15,Credit Card,5,No,0
ORD0886,1/17/2024,C243,South,P259,Accessory,Logitech,4069,1,3031,10,UPI,10,No,0
ORD0887,3/29/2024,C289,East,P256,Home Appliance,Samsung,41149,4,30656,20,Debit Card,5,No,0
ORD0888,2/13/2024,C153,West,P326,Home Appliance,Samsung,64278,4,51309,0,Debit Card,9,No,0
ORD0889,12/21/2024,C161,East,P113,Accessory,JBL,4303,4,2882,15,Credit Card,9,No,0
ORD0890,8/3/2024,C046,East,P164,Laptop,Lenovo,51682,5,39386,10,Credit Card,7,No,0
ORD0891,7/25/2024,C004,West,P389,Mobile,Samsung,19168,1,14893,10,Credit Card,5,Yes,0
ORD0892,9/3/2024,C170,North,P214,Home Appliance,LG,41878,5,32314,25,COD,3,No,0
ORD0893,12/11/2024,C080,East,P149,Mobile,Xiaomi,38306,1,29168,5,Credit Card,9,No,0
ORD0894,5/6/2024,C105,North,P194,Home Appliance,Bosch,66211,1,48040,10,COD,8,No,0
ORD0895,4/30/2024,C280,West,P187,Home Appliance,LG,71669,1,52649,5,Debit Card,4,Yes,0
ORD0896,9/18/2024,C280,West,P300,Tablet,Samsung,58747,5,43472,15,UPI,5,No,0
ORD0897,7/16/2024,C055,West,P255,Laptop,Dell,72148,5,53801,15,Credit Card,10,No,0
ORD0898,1/18/2024,C228,East,P461,Laptop,Asus,95076,2,69185,10,Debit Card,6,Yes,1
ORD0899,9/25/2024,C200,South,P134,Laptop,Lenovo,108812,2,79860,10,UPI,7,No,1
ORD0900,11/26/2024,C248,West,P401,Home Appliance,Samsung,81450,5,64959,10,Debit Card,6,Yes,1
ORD0901,10/24/2024,C179,West,P355,Mobile,Samsung,15869,2,13253,5,Credit Card,2,No,0
ORD0902,12/13/2024,C244,South,P413,Laptop,Dell,57806,4,44673,15,Credit Card,1,No,1
ORD0903,5/8/2024,C059,North,P168,Accessory,JBL,1041,3,768,0,COD,7,No,0
ORD0904,11/22/2024,C294,South,P370,Tablet,Samsung,43672,2,34845,5,Debit Card,7,No,1
ORD0905,4/8/2024,C045,North,P194,Laptop,Dell,53423,3,42168,15,Credit Card,6,No,1
ORD0906,12/15/2024,C271,South,P324,Home Appliance,Bosch,80647,5,60905,20,Debit Card,2,No,0
ORD0907,8/6/2024,C193,North,P214,Laptop,Lenovo,48226,2,34326,0,UPI,1,No,1
ORD0908,5/28/2024,C129,East,P416,Mobile,Apple,49757,5,37689,5,UPI,7,Yes,0
ORD0909,1/30/2024,C280,North,P202,Home Appliance,Bosch,49478,1,38856,10,COD,5,No,0
ORD0910,6/20/2024,C031,East,P136,Mobile,Apple,76691,5,58077,20,Credit Card,6,No,0
ORD0911,8/1/2024,C042,West,P320,Laptop,Lenovo,40471,4,28750,20,Debit Card,6,No,1
ORD0912,9/1/2024,C156,South,P382,Mobile,Samsung,15454,2,12786,20,COD,1,No,0
ORD0913,9/3/2024,C027,West,P288,Laptop,Asus,90945,1,68659,15,Credit Card,10,No,0
ORD0914,6/29/2024,C100,North,P468,Laptop,HP,47057,2,35709,15,Credit Card,1,Yes,0
ORD0915,5/7/2024,C030,South,P166,Accessory,Boat,3115,3,1889,20,Debit Card,5,No,1
ORD0916,11/6/2024,C204,North,P327,Mobile,Samsung,44794,2,37798,15,UPI,4,No,0
ORD0917,12/31/2024,C155,East,P310,Laptop,Lenovo,76793,5,59113,0,Credit Card,6,No,0
ORD0918,12/27/2024,C249,South,P118,Laptop,HP,74968,2,58039,0,UPI,3,No,0
ORD0919,4/30/2024,C226,West,P143,Mobile,Samsung,77392,3,64516,10,COD,5,No,0
ORD0920,1/31/2024,C143,West,P194,Accessory,Sony,3934,1,2587,5,Debit Card,7,No,1
ORD0921,12/3/2024,C221,East,P274,Mobile,OnePlus,15406,3,12956,10,Debit Card,1,No,0
ORD0922,11/14/2024,C223,North,P468,Mobile,Xiaomi,49672,5,41518,15,COD,10,No,0
ORD0923,10/17/2024,C266,West,P227,Accessory,Boat,1880,3,1383,25,UPI,2,No,1
ORD0924,10/4/2024,C152,West,P257,Mobile,OnePlus,59408,3,46152,25,Credit Card,2,No,1
ORD0925,10/18/2024,C165,South,P426,Accessory,Logitech,941,4,626,0,UPI,8,No,0
ORD0926,10/11/2024,C112,North,P492,Tablet,Lenovo,51139,1,38937,15,Debit Card,5,No,0
ORD0927,5/21/2024,C133,South,P194,Laptop,HP,54254,1,42704,5,Credit Card,1,No,0
ORD0928,12/16/2024,C260,East,P376,Mobile,Apple,19970,3,16878,10,Credit Card,6,No,1
ORD0929,1/23/2024,C121,North,P290,Home Appliance,Bosch,29835,2,23005,5,UPI,10,No,0
ORD0930,12/14/2024,C213,West,P340,Tablet,Apple,16618,3,12673,10,COD,6,No,0
ORD0931,5/30/2024,C016,North,P466,Tablet,Apple,53746,5,39371,5,UPI,9,No,0
ORD0932,9/17/2024,C298,South,P357,Accessory,Sony,2029,1,1333,0,Debit Card,10,No,0
ORD0933,10/21/2024,C281,North,P199,Home Appliance,LG,76909,5,60444,15,UPI,5,No,0
ORD0934,10/21/2024,C151,East,P475,Laptop,Lenovo,65263,1,48658,25,Debit Card,8,Yes,1
ORD0935,7/28/2024,C186,North,P164,Tablet,Lenovo,46729,4,36940,15,Debit Card,10,No,0
ORD0936,10/2/2024,C126,West,P309,Home Appliance,Samsung,49115,3,39271,10,Credit Card,2,No,1
ORD0937,8/3/2024,C259,West,P464,Laptop,HP,94515,1,66307,15,UPI,9,No,0
ORD0938,8/28/2024,C052,North,P281,Accessory,Sony,2167,2,1621,20,COD,7,No,0
ORD0939,3/6/2024,C206,South,P137,Tablet,Apple,37073,3,30390,20,Credit Card,1,No,0
ORD0940,6/30/2024,C230,West,P103,Accessory,JBL,4708,2,3319,25,Credit Card,3,No,0
ORD0941,10/30/2024,C190,West,P252,Accessory,JBL,4392,5,2751,10,Credit Card,4,No,0
ORD0942,9/9/2024,C175,West,P320,Tablet,Samsung,40170,2,30603,5,Credit Card,4,No,0
ORD0943,9/22/2024,C143,East,P214,Mobile,OnePlus,49328,3,37812,10,COD,8,No,0
ORD0944,3/27/2024,C148,East,P360,Home Appliance,LG,45366,2,35686,0,Debit Card,9,Yes,1
ORD0945,3/27/2024,C015,North,P392,Home Appliance,Samsung,15873,1,12203,10,Debit Card,5,No,0
ORD0946,8/6/2024,C228,West,P234,Tablet,Apple,61940,1,49591,15,COD,8,Yes,0
ORD0947,2/14/2024,C071,North,P271,Tablet,Apple,63776,1,51615,10,Debit Card,9,No,1
ORD0948,5/21/2024,C233,North,P438,Tablet,Apple,43401,5,32118,10,Debit Card,9,No,0
ORD0949,11/16/2024,C019,North,P340,Laptop,HP,111853,2,82505,25,Debit Card,5,No,1
ORD0950,3/18/2024,C249,West,P322,Tablet,Apple,28013,1,22227,20,Debit Card,1,No,0
ORD0951,2/4/2024,C252,South,P347,Laptop,Dell,89808,5,69044,15,Debit Card,6,No,1
ORD0952,9/28/2024,C093,South,P346,Tablet,Lenovo,46788,4,36448,20,UPI,9,No,1
ORD0953,5/31/2024,C050,East,P263,Accessory,Logitech,3465,4,2207,0,Debit Card,8,No,1
ORD0954,12/4/2024,C059,West,P359,Laptop,Asus,99117,2,75339,0,UPI,5,No,0
ORD0955,4/20/2024,C210,East,P127,Tablet,Lenovo,35815,4,27617,15,COD,5,No,1
ORD0956,5/17/2024,C249,East,P414,Mobile,OnePlus,70672,5,55900,5,Debit Card,2,No,0
ORD0957,11/8/2024,C169,North,P365,Mobile,Xiaomi,23829,3,19731,10,Credit Card,1,No,0
ORD0958,4/17/2024,C186,South,P210,Home Appliance,Bosch,45059,2,33750,10,UPI,7,No,0
ORD0959,10/10/2024,C128,North,P254,Mobile,Samsung,77732,4,61392,0,Debit Card,5,No,0
ORD0960,1/13/2024,C118,South,P479,Mobile,OnePlus,28206,4,23447,25,COD,3,No,0
ORD0961,5/18/2024,C044,West,P259,Mobile,Samsung,31902,5,24231,15,Debit Card,10,No,1
ORD0962,6/14/2024,C218,North,P249,Tablet,Samsung,45074,3,33817,25,COD,7,No,0
ORD0963,8/7/2024,C048,West,P108,Home Appliance,Whirlpool,78353,5,58642,20,Debit Card,7,No,1
ORD0964,9/11/2024,C202,North,P388,Accessory,Boat,1003,2,661,15,UPI,8,No,0
ORD0965,2/25/2024,C160,North,P172,Mobile,Apple,39221,4,32807,20,Debit Card,2,No,1
ORD0966,7/25/2024,C243,South,P452,Mobile,Xiaomi,45033,3,35629,5,Credit Card,6,No,0
ORD0967,10/16/2024,C209,East,P363,Laptop,Asus,106511,2,79881,10,COD,8,No,0
ORD0968,10/11/2024,C042,West,P201,Mobile,Xiaomi,28683,2,23683,20,Credit Card,3,No,0
ORD0969,8/12/2024,C059,West,P251,Accessory,Boat,4791,5,2975,15,COD,1,No,0
ORD0970,3/1/2024,C223,East,P450,Home Appliance,Whirlpool,63710,2,49463,5,UPI,9,No,1
ORD0971,4/14/2024,C191,East,P262,Accessory,Logitech,2525,2,1869,5,COD,1,Yes,0
ORD0972,8/1/2024,C092,North,P148,Mobile,OnePlus,36598,1,28177,20,COD,6,No,0
ORD0973,2/1/2024,C240,North,P240,Tablet,Lenovo,51644,3,42262,25,Credit Card,4,No,0
ORD0974,5/25/2024,C219,East,P403,Tablet,Lenovo,65265,3,50275,20,Debit Card,2,No,1
ORD0975,3/19/2024,C053,East,P394,Laptop,Lenovo,108880,5,77330,20,COD,6,No,0
ORD0976,10/30/2024,C142,West,P184,Laptop,HP,35350,2,27514,0,Debit Card,3,Yes,1
ORD0977,8/31/2024,C001,North,P386,Laptop,Asus,90758,3,69564,10,Credit Card,4,No,0
ORD0978,7/20/2024,C194,West,P424,Tablet,Samsung,69961,5,54723,0,Debit Card,3,No,0
ORD0979,5/22/2024,C074,West,P112,Accessory,JBL,1785,4,1220,25,UPI,3,No,0
ORD0980,7/6/2024,C239,East,P326,Accessory,Boat,2364,2,1554,25,Credit Card,4,No,0
ORD0981,7/3/2024,C270,East,P431,Tablet,Apple,39174,5,32184,0,UPI,1,Yes,0
ORD0982,5/20/2024,C246,East,P423,Tablet,Lenovo,18750,1,15508,25,COD,10,No,0
ORD0983,8/20/2024,C252,North,P142,Mobile,OnePlus,15779,2,12801,25,Debit Card,3,No,0
ORD0984,8/2/2024,C062,North,P444,Tablet,Apple,50657,2,38385,25,Credit Card,6,No,0
ORD0985,6/11/2024,C087,East,P175,Home Appliance,LG,67844,1,51672,0,Debit Card,9,No,1
ORD0986,5/16/2024,C043,North,P240,Tablet,Lenovo,28020,4,22384,5,Credit Card,5,Yes,0
ORD0987,10/14/2024,C180,West,P473,Home Appliance,LG,89211,1,72530,0,Credit Card,3,No,0
ORD0988,2/14/2024,C096,North,P448,Laptop,Dell,63511,4,48509,0,Debit Card,5,No,0
ORD0989,11/24/2024,C098,South,P261,Tablet,Apple,39858,2,31909,10,Debit Card,10,No,0
ORD0990,7/30/2024,C116,East,P281,Laptop,HP,73657,4,53470,10,Credit Card,8,No,0
ORD0991,10/23/2024,C187,West,P277,Laptop,Dell,111706,5,82502,20,Debit Card,7,No,0
ORD0992,11/26/2024,C148,East,P437,Mobile,Apple,45844,3,35383,0,Credit Card,9,No,0
ORD0993,11/19/2024,C096,West,P422,Home Appliance,Whirlpool,63795,5,49528,0,UPI,2,No,1
ORD0994,7/2/2024,C005,West,P339,Tablet,Samsung,57459,2,47133,10,UPI,3,No,0
ORD0995,10/6/2024,C096,West,P407,Home Appliance,Bosch,72012,4,57112,5,UPI,6,No,0
ORD0996,6/21/2024,C248,East,P114,Mobile,Apple,78448,4,59682,10,COD,10,No,1
ORD0997,3/24/2024,C263,East,P146,Home Appliance,Samsung,89447,2,71126,25,UPI,1,No,1
ORD0998,6/7/2024,C073,West,P257,Accessory,Boat,4573,2,2744,5,Debit Card,5,No,0
ORD0999,2/11/2024,C095,South,P181,Accessory,Sony,2804,5,1747,10,Credit Card,8,No,1
ORD1000,6/25/2024,C052,West,P262,Laptop,Asus,84321,2,66034,0,COD,3,Yes,1
